1,Michael,Olsen,maxwellkaitlyn@example.com,829.892.4759x0145,,"1691 Armstrong Passage, Susanborough, KY 30544"
2,Zachary,Burns,timallison@example.org,,,"4132 Jason Cape, East Peterside, MH 51743"
3,Monica,Sandoval,rojasmatthew@example.org,,"780 David Forks, South Frederickmouth, MO 99228",
4,Melanie,Mcconnell,wardjason@example.net,+1-783-556-4674x3423,,
5,Karl,Wilson,iwallace@example.org,+1-458-446-0789x1600,"06752 Carlson Common, Port Heatherview, CO 76465","033 Bond Points, Lake Debra, KS 53566"
6,Cole,Phillips,mark98@example.com,001-502-913-2536x494,,"6204 Cherry Pass Suite 457, North Timothy, GU 08896"
7,Jason,Nielsen,lisamendoza@example.net,954.934.7322x2921,"58415 Jonathan Corner Suite 063, New Katrinatown, IA 08127","948 Brown Cliff Suite 975, Pamelaside, IL 56209"
8,Wayne,Scott,jarnold@example.com,741.628.1497x50367,,
9,Jasmine,White,crystal50@example.com,,"39674 Meredith Highway, Walkerberg, MT 10659","3113 Jennifer Springs, West Christopher, OK 70490"
10,Rachel,Stewart,bowmanalyssa@example.org,,"2027 Eileen Villages Apt. 322, South Barbaraville, WI 01526","706 Kevin Turnpike, East Gabrielaberg, PW 68798"
11,Lori,Buckley,stephen06@example.net,858-844-7500x357,,
12,Adam,Bennett,lindsey93@example.net,(753)917-1125x001,,"751 Jennifer Plain, Joshuatown, AR 58257"
13,Allison,Malone,howardchristopher@example.com,8788136998,"1832 Delgado Valley, Smithtown, AS 72077","USCGC Lowe, FPO AA 17036"
14,Robert,Brown,rossdenise@example.org,857-400-7065x396,"623 Wallace Lights, Cookburgh, AZ 46558",
15,Robert,Zavala,andrewsyolanda@example.org,001-208-568-6965x961,"928 Hunter Manor Suite 711, Jacobsonmouth, PW 67645","PSC 5607, Box 6187, APO AE 30270"
16,Michael,Reese,jill69@example.com,3407517980,"1216 Brittany Mews, Ortizbury, IA 51631","0800 Stokes Spurs, Dakotahaven, DC 58830"
17,Austin,Simmons,andrew95@example.org,,"5891 Hansen Square, East Kellyfurt, AZ 41668","6311 Deanna Brook, Port Jamesport, MP 55704"
18,Tammy,Knapp,hunterraymond@example.org,(258)527-4772x3068,"32698 Brad Gateway Suite 527, South Theresaville, NV 21565","5596 Jacob Square, Toddmouth, GU 36086"
19,Russell,Murphy,acarroll@example.com,,"10516 Angela Dale, New Tammieshire, IA 23251","20569 Lopez Club, North Rachel, WV 54914"
20,Mary,Cole,rhardy@example.com,,"23214 Robert Burgs, West Shannon, DC 83400","397 Rebecca Forks Suite 784, New Williamton, MS 53506"
21,Miguel,Cabrera,floresjohn@example.net,3005524377,,
22,Craig,Mullen,xlopez@example.com,001-889-682-7920,"50018 Terrence Terrace, New Jennifershire, KY 56094","27013 Garrett Square, Lake Justin, NY 44178"
23,Lauren,Norman,cestes@example.net,,,"27654 Jenna Squares Apt. 735, Lake Dana, SC 38376"
24,Joe,Williams,bradleyhopkins@example.net,001-212-542-3313x437,"Unit 1126 Box 6745, DPO AP 84316",
25,Daniel,Erickson,james22@example.org,(240)986-9429x460,,"USNS Mitchell, FPO AA 39364"
26,Cheryl,Stevenson,gina99@example.org,634-699-6145x168,,"868 Donovan Mountain Suite 880, South Frankshire, VI 53606"
27,Christopher,Ryan,michaelkoch@example.net,7924832587,"179 Evans Glen, West Jessetown, NY 38643","358 Bowman Plain, Matthewside, AK 48884"
28,Nicholas,Arnold,brenda59@example.net,906-430-2384,,"856 Moore Crossing Suite 505, Emilyport, TN 23587"
29,Tina,Hale,jillchavez@example.org,2099883779,"728 Mark Rue, Kingfurt, VI 39604","9481 Taylor Roads, Sarahfort, ID 03192"
30,April,Edwards,derrickbryant@example.net,(471)552-2720x964,,
31,Lacey,Jackson,ortizmaxwell@example.net,614.538.3098x9891,"3717 Valentine Unions, Kimburgh, NY 38866",
32,Leslie,Smith,imyers@example.net,001-444-529-4899x385,"0070 April Parkway Apt. 977, Brianborough, PR 45329","6381 Miller Mountain Apt. 703, Lake Emilyfurt, WY 11827"
33,Mary,Gutierrez,wattsjesse@example.net,326-217-7351,"062 Escobar Hill Suite 737, Nancyville, MI 96325",
34,Cynthia,English,sarapalmer@example.org,,,"662 Joseph Lock, Port Christopher, NH 28068"
35,Susan,Pratt,johnsonmeghan@example.org,,,"619 Watts Rue Suite 733, East Teresa, MS 17870"
36,Jennifer,Luna,castanedamichael@example.org,290.631.1960x1795,"1363 Debra Flat, Port Krystalstad, PW 26769","9876 Vasquez Valleys, Williamsshire, IN 32569"
37,Danielle,Petersen,janet54@example.net,412.824.3728,"8016 Gentry Drive, Barbaramouth, SC 72683","65420 Jason Prairie, Michellefurt, HI 74324"
38,Shelly,Beck,emily49@example.net,2022139232,"4052 Christina Streets Apt. 812, Lake Elizabethhaven, PR 93847","823 Jefferson Vista Suite 643, Port Ashleyfort, MH 80918"
39,Christopher,Smith,gerald75@example.net,,"651 Edward Highway Apt. 562, South Craig, MA 33186","7925 Sexton Forge Apt. 640, Johnsonfort, NJ 61679"
40,Shannon,Boyd,bberg@example.net,,"9342 Estes Crossroad, North Madisonville, GU 65483","999 David Landing Suite 631, Alexandriaton, WY 36371"
41,Travis,Wiggins,aliciacampos@example.org,(972)240-1051x92027,,"071 Wright Square Apt. 441, Cardenasshire, MA 46789"
42,Sean,Johnson,woodwardanna@example.net,,,"01155 Samantha Views, North Robertoborough, AR 84833"
43,Daniel,Powers,crystal16@example.net,+1-544-650-0331x453,,
44,Connie,Olson,chavezmaurice@example.org,001-572-247-6777x646,"0012 Graham Causeway, North Jay, IN 88650","Unit 4632 Box 4987, DPO AE 14089"
45,Melissa,Cortez,agraham@example.com,(532)729-8995x534,"53518 Foster Wells Apt. 644, South Georgebury, NJ 16768","32271 Stevens Trail Apt. 198, Huffmanton, KS 39300"
46,Latasha,Carroll,aarcher@example.com,(305)760-6282x61726,"65070 Conner Oval, West April, PR 08483","3349 John Lights Suite 118, Gabrielport, AK 35430"
47,William,Daugherty,karen26@example.net,001-217-449-7399x222,"655 Phillips Avenue, Montgomeryport, NV 99045","3353 Patterson Port Suite 888, Lake Jennatown, NH 48637"
48,Sarah,Shields,ydavidson@example.net,(382)649-9123x68921,"60125 Matthew Forest Suite 880, West Kevin, MN 10262","741 Brooks Centers, South Andreatown, PW 85234"
49,Gregory,Garcia,davidcole@example.net,,,"72088 Amber Mills, Port Sheritown, OR 04441"
50,Kathryn,Herman,adamsjessica@example.org,(405)924-2530x2030,"USNS Martin, FPO AE 84211","7740 Charles Burg Apt. 731, North Linda, DE 27458"
51,Gloria,Smith,elizabethhatfield@example.org,(310)759-0917,"8593 Flores Gardens Suite 797, West Deniseland, DC 94664",
52,Elizabeth,Sanford,adam04@example.org,+1-777-875-5206,,
53,Cynthia,Rodriguez,scottwheeler@example.org,+1-409-897-9578x3764,"Unit 6913 Box 1420, DPO AP 80654",
54,Emily,Giles,bmoody@example.com,+1-723-600-4773x4416,"18064 Brian Bypass Apt. 684, South Maria, SC 81939","7879 Alicia Ramp Apt. 156, Port Gregoryton, KY 35857"
384,Johnny,Galvan,lmalone@example.org,,"686 Edwards Viaduct, North Katherinehaven, MS 10068",
55,Lisa,Johnson,caitlin55@example.org,(727)847-9346,"188 Young Islands Suite 999, Jessicaberg, PR 27359","Unit 2080 Box 9683, DPO AP 24737"
56,Barbara,Smith,jimmybriggs@example.com,738-680-5680x760,"64150 Christopher Islands, Williamland, VA 45720","18401 Webb Place Suite 900, Bellmouth, CA 95298"
57,Jamie,Vasquez,nathanstone@example.org,793.922.4777x89418,,"841 Tucker Groves Suite 660, Frenchshire, LA 32831"
58,Stacey,Huber,evansmeredith@example.org,+1-974-309-3767x6598,,"88577 Dominic Trace, New Douglas, CO 83552"
59,Diane,White,bporter@example.net,947-517-9800,"0821 Jason Cove, West Kellystad, MS 85072","Unit 1296 Box 7889, DPO AP 58663"
60,Sarah,Reed,karen81@example.com,(598)308-7124,"48775 Gibson Valleys, East Alexander, FL 96532","666 Deanna Throughway Apt. 654, Marvinport, MA 21501"
61,John,Smith,csmith@example.org,600.708.9278x6484,"6793 Cassandra Underpass, South Kristin, SC 53379","245 Tyler Village, Downsville, MS 04028"
62,Mitchell,Mills,christopher16@example.com,,"7587 Nicholas Mall Suite 325, Simmonsmouth, VT 19864","021 Elizabeth Lake, Lake Gregory, ID 73872"
63,Phillip,Booth,osmith@example.net,001-723-393-9861x566,"227 Klein Fall Apt. 148, Jamesmouth, NV 69003","1909 Mann Port, Nathanielside, IN 87742"
64,Chris,Kim,myang@example.org,957.273.0161,,
65,Deborah,Patterson,bryankaufman@example.com,9303132842,"7897 Hess Burg, Lewisbury, MT 43831","5718 Tracey Port Apt. 344, East Jessica, MT 88051"
66,Ruth,Weaver,james02@example.net,513-654-5212x7314,,"55953 Davis Point, North Charlene, NH 95236"
67,Ronald,Carter,reevesjoseph@example.org,(440)821-1807x5174,,"1348 Campbell Camp, Camposbury, WY 93218"
68,Gregory,Henderson,robertssteven@example.net,001-720-437-3454x328,"63960 Mark Lodge, Jamesview, PR 84378","9709 Miranda Land, Shannonville, NC 03681"
69,David,Rice,benjamin63@example.com,,"145 Woods Land, Taylorchester, AZ 61721","Unit 7938 Box 4834, DPO AA 50641"
70,William,Mcconnell,charleshampton@example.com,,,
71,Kimberly,Wallace,jmendez@example.net,+1-544-677-0259x3176,"25557 Karen Springs, West Sharon, AL 68583","076 Kelly Rapid, Anthonyshire, PR 19880"
72,John,Holland,bonillaanna@example.org,885-752-0901x9547,,"8291 Ray Mills, Nicholashaven, ID 65522"
73,Stephanie,Winters,michael80@example.net,3753433063,"612 Austin Crest Suite 488, Thomastown, WA 53834","484 Ortiz Road, West Malik, MT 31998"
74,Denise,Terrell,xbartlett@example.net,,"663 Elizabeth Summit, South Manuelmouth, NJ 54333","7326 Smith Walks, Port Samanthaview, NJ 70111"
75,Isaac,Harris,njordan@example.net,+1-358-720-6767x3651,"8898 Allison Well Suite 019, Jamesport, DE 23101","7348 Gomez Wall Apt. 095, New Stephanie, DE 06341"
76,Gary,Vance,debra81@example.org,,"790 Smith Motorway Apt. 770, West Maureenside, VA 60191","966 Thomas Port Suite 545, North Christina, TN 12383"
77,Kelly,Henderson,rachelgraves@example.com,,,"Unit 2022 Box 1581, DPO AA 28613"
78,Jeremy,Hopkins,robertmonroe@example.net,663.672.7905x50429,,"20275 Beltran Road Suite 491, East Frederickfurt, AZ 35445"
79,Nicholas,Hall,jessicacantu@example.net,209-679-6078x2671,"4659 Kimberly Streets, Luisfurt, TX 56167","117 Dorothy Islands Suite 304, Amyside, MH 13558"
80,Heidi,Mercer,jason64@example.net,,,
81,Kevin,Hampton,lanejustin@example.com,928.622.7550,,"75873 Ann Tunnel, West Davidborough, CT 63316"
82,Misty,Murphy,michelleaguirre@example.com,,"5545 Harris Path Apt. 176, Saunderschester, FL 55890",
83,Jason,Golden,fbarrera@example.net,+1-631-229-9918x9413,"0770 Myers Plain, East Charlotteland, AK 26145","924 Mitchell Route Suite 630, West Davidbury, OR 72210"
84,Timothy,Brown,longmichelle@example.org,,,"842 Brown Course Apt. 444, Judyfort, PA 42029"
85,Joshua,Robinson,mary32@example.com,001-501-826-2339x943,"7624 Nathan Lights, Julialand, CO 44475","501 Stephanie Station, New Melissa, PR 33868"
86,Christopher,Reeves,hmoore@example.org,001-236-332-5614x292,"45502 Kristy Shoals Suite 579, Johnstad, SD 86590","40841 Banks Crossing, Lake Mariemouth, IA 02308"
87,Mary,Hernandez,dennisstone@example.net,(380)496-5683x0012,"15738 Brooks Fields Apt. 429, Lauriechester, KY 39658","77313 Martin Estates, East Darin, WY 52222"
88,Kimberly,Brown,lfleming@example.com,7308393582,"2909 Martinez Shoal Suite 178, Lake Shannonfort, WA 02429",
89,Michelle,Pennington,seth24@example.net,001-998-759-8650x149,"8528 Larsen Court, Port Janetstad, MI 91625",
90,Kelly,Vasquez,timothymartinez@example.com,600.622.6619,,"16369 Michael Place, South Angelica, FM 95633"
91,Jacob,Silva,powersluis@example.net,401-435-2037,,"236 Byrd Streets Apt. 094, Smithchester, KS 44516"
92,Matthew,Haynes,uwebster@example.net,001-755-665-2577x547,"021 Taylor Estates Suite 674, West Chloe, HI 59178","4120 Parker Union, East Angelamouth, ND 07262"
93,Jeffery,Jacobs,barbara96@example.net,,"4933 Grace Crossing, Williamston, SD 58294","926 Anthony Run, Fredton, IA 52085"
94,Lisa,Lopez,mkelly@example.com,9416159648,,
95,Michelle,Navarro,kzamora@example.net,653.395.3214x8702,"PSC 2100, Box 9884, APO AP 89893",
96,Brian,Rivera,lbrown@example.net,001-828-390-6412x963,"USS Nelson, FPO AP 62038","0903 Payne Dale, Johnnyton, SC 92358"
97,John,Fisher,williamfoster@example.com,,,
98,Christopher,Zavala,singhnicole@example.net,+1-972-965-5279x075,,"USNS Kaiser, FPO AA 61183"
99,Christopher,Rios,xbrown@example.net,001-636-300-4500x108,"9826 Steven Rest Suite 597, Lake Cody, AS 49379","80015 Wallace Forest Apt. 056, North Amanda, OH 03134"
100,Katie,Miranda,smithashley@example.net,,,"334 Eric Oval Apt. 174, North Michael, NC 89785"
101,Kayla,Miller,jacksonwayne@example.net,579-940-7008x325,,"289 Tina Pines, Davidberg, OK 24199"
102,Bethany,Torres,fgriffith@example.com,(371)909-0712,"68352 Jackson Brooks, Johnside, VT 45017","947 Allen Center, North David, MP 21765"
103,Brandon,Young,donna67@example.net,,,
104,Daniel,Reyes,burchandrew@example.net,,"61179 Scott Isle Suite 249, Port Sandra, IA 07577","06978 Elizabeth Stravenue, Humphreymouth, NE 84758"
105,Maria,Ruiz,davismelissa@example.net,469.614.3009,"17118 Trevor Extension, Hallton, ME 70076","20746 Torres Plains, Larsenfurt, IA 17359"
106,Shannon,Martinez,floydcurtis@example.com,+1-320-598-9030,,"4781 Williams Via Apt. 283, Lake Karifort, GA 24694"
107,Cameron,Weiss,pwallace@example.net,,"854 Patricia Streets, Graybury, AR 34052","12967 John Mission, Christophermouth, VT 42163"
108,Bryan,Perez,muellerjennifer@example.net,,"96099 Brian Mountains, Odonnellhaven, AS 90462","83542 Joshua Overpass Apt. 182, Granthaven, MA 00783"
109,James,Hale,dwhitney@example.com,+1-935-216-3593x852,"835 Deborah Oval, New Dennis, VI 23005","19186 Arroyo Lock, Devinside, NY 44816"
110,Robin,Lopez,andradejustin@example.com,,"638 Haley Forges, North Lisabury, DC 46799",
111,Jonathan,Moore,paul64@example.net,635.772.6096,"82929 Benjamin Mission, Ashleybury, NC 35970","09375 Henderson Keys Suite 513, Jamesburgh, DC 16174"
112,Morgan,Frey,lindseyfletcher@example.net,,"70420 Matthew Field Suite 818, South Davidbury, MN 47622","0337 Adam Ramp Apt. 375, West Steven, CA 29378"
113,Belinda,Hensley,andrewmiranda@example.org,+1-617-725-3135,"USNS Rice, FPO AA 11305",
114,Ethan,Jackson,rebecca66@example.net,,,"2727 April Rue Suite 159, Port Jason, CO 69060"
115,Mark,Eaton,tuckerpamela@example.org,280-835-4870x3250,,"2757 Todd Island Apt. 073, Port Melissa, WA 96523"
116,Susan,Thompson,fmoran@example.org,(624)552-5860x94043,"269 Lori Estate, Jenniferland, GA 88244","804 Benjamin Brook Apt. 036, West Peterport, GA 99538"
117,Steve,Jackson,brian66@example.com,,"622 Romero Lights Suite 781, Jenniferchester, VI 23816",
118,Thomas,Mills,westrada@example.com,(991)441-1004,"9651 Jennifer Rapids, Balltown, CT 67098","847 Stacey Hollow, West Codyfort, NM 98779"
119,Theresa,Dalton,meagan64@example.net,267.250.3381x6197,"358 Bryan Falls, Meganhaven, NE 68176","91689 Lowery Forges, Lake James, AL 30207"
120,Jennifer,Valenzuela,david46@example.com,,"122 Porter Brook, West Danielleport, MT 94977","2504 Wright Island Suite 100, Martinfurt, AZ 40402"
121,Dakota,Beltran,brian64@example.com,(334)493-4040x59416,"567 Richardson Brook, Robersonstad, MS 97922","58120 Burgess Way, Lewisshire, DC 98804"
122,Heather,Banks,spotter@example.org,,"PSC 0978, Box 6889, APO AE 05393",
123,Victoria,Parker,thomas51@example.net,,,"74937 Gina Throughway Suite 621, North Shelleyland, NJ 63757"
124,Kevin,Robles,herbert92@example.com,862.883.5730x814,,"564 Samantha Crescent, Nicolasmouth, IN 99582"
125,Amy,Roberts,obrown@example.com,767-280-4893x157,"2244 Torres Path, North Monica, CA 29462","17465 Johnson Rapid Suite 993, Ryanfurt, VT 98525"
126,Jared,Francis,carol46@example.org,,"287 John Lights, Sabrinashire, MT 13876",
127,Sophia,Kaiser,vherrera@example.com,(814)401-1213x4794,"37688 Roberts Cape, North Michaelshire, MO 18768","45613 Charles Ridges Suite 467, Burkeland, ID 28924"
128,Crystal,Cook,judycardenas@example.com,(595)559-7026,"3700 Jennifer Flat Apt. 506, Port Alexis, WA 53182","201 Logan Harbors, South Edward, NC 18632"
129,Teresa,Pope,wellscharles@example.com,001-342-925-9150x153,,"929 Arnold Unions, Smithton, NH 72755"
130,Kimberly,Austin,martinezdiana@example.net,798.884.2475x15796,"8613 Short Centers Apt. 223, Castillohaven, AR 95178",
131,Nichole,Owen,jessica48@example.net,425.300.6364,"5046 Isaiah Hills Suite 325, Lake Blakeville, VI 49159",
132,Marco,Davis,sierra59@example.com,,"452 Lopez Brooks Suite 847, Rodriguezland, IA 68396","4253 Garcia Mountain, East Michael, WV 76140"
133,Alicia,Kelley,kenneth34@example.net,304.589.5640,"6367 Fisher Falls Apt. 591, Lake Megan, KY 28137","3029 Ann Roads, North Shannon, WA 43010"
134,John,Jordan,copelandclaire@example.net,,"087 Williams Trace Suite 429, Lake Stephanie, MO 26750","767 Vargas Drive, Lake John, ME 35359"
135,Rachel,Roy,qmcdaniel@example.net,854-868-5609,"92791 Victoria Crest Apt. 059, New Bryan, FL 89079","3080 Briana Run Suite 423, Shepardfurt, PW 41585"
136,Katherine,Cochran,rfloyd@example.net,001-898-977-1558x439,"469 Bell Oval, East Danielberg, NH 33792","03414 Andrew Rapid Apt. 696, North Nathanielmouth, DE 65552"
137,Christina,Ford,aarongonzalez@example.org,456.255.5894x654,"76929 Jonathan Lodge Suite 977, Perryfurt, KY 73569","81094 Carmen Ports Apt. 510, Payneland, OK 09705"
138,Matthew,Mcknight,eglass@example.org,,"0809 Coleman Court Suite 080, Port Monica, NC 82858",
139,Monica,Melton,kirkmichael@example.org,(695)324-0432,"7529 Sanders Stream, East Crystal, CO 72937","Unit 2263 Box 6275, DPO AE 04296"
140,Angela,White,annacharles@example.com,(572)838-0902,,
141,Nicholas,Rios,amandabrennan@example.com,+1-568-518-7772x3910,"8508 Martinez Inlet Suite 921, Danielleshire, WI 62067","5108 Jimenez Squares, South Michaelview, NJ 14112"
142,Joseph,Richardson,karen35@example.org,510.878.4653,,"6190 Johnson Corner Apt. 041, Rossbury, WI 68393"
143,Melissa,Moore,johnsonmichelle@example.net,485-693-4455,"03070 Kathryn Port, New Jacobmouth, MS 76720","75558 Matthew Cliff Apt. 288, Baileyborough, NY 12911"
144,Tamara,Phillips,emunoz@example.com,001-791-752-2448x842,"93050 Decker Rue Suite 868, East Eric, SC 61788","492 John Unions Suite 747, North Lynn, ME 08991"
145,Nicole,Wolfe,joshua49@example.com,(440)324-5037x256,"71333 Lutz Center, Lake Mary, ME 10143","127 Clark Via Apt. 656, Elizabethside, RI 62015"
146,Amanda,Rodriguez,gregory65@example.org,729-473-9344,"293 Gray Gardens Apt. 605, Lake Pamela, FM 82121","355 Laura Alley, Lutzview, NE 19410"
147,Teresa,Lynn,hjones@example.org,384-494-4054,"0035 Kelly Center Suite 315, Stanleyville, KS 38532",
148,Peter,Smith,burchpamela@example.org,+1-223-764-2920x1479,,"294 Johnson Street, Barrerachester, OH 72208"
149,Stephanie,Armstrong,kari50@example.net,+1-941-310-5047x2212,,
150,Richard,Ross,morgancarla@example.org,+1-505-874-6077,"9678 Lance Harbors Suite 267, North Stephen, NY 85226",
151,Lisa,Wagner,fitzgeraldsteve@example.org,950.721.8048x953,,
152,Shannon,Johnson,lopezjohn@example.org,+1-505-985-1057x1960,,"280 Holly Summit, Lake Katrina, WV 83698"
153,John,Bowman,icook@example.com,001-950-332-9676x995,"1909 Erik Falls Apt. 947, Thompsonborough, NC 39572","8887 Moore Ridges, Silvashire, NV 82463"
154,Sarah,Molina,bernardmcpherson@example.org,,,
155,Courtney,Sullivan,veronicakennedy@example.org,(294)772-8717,,"94658 Cameron Keys, Lake Beckyberg, IA 06209"
156,Rebecca,Dixon,victoriashaw@example.org,,"92262 Jose Well, East Karen, ME 35346",
157,Lisa,Lamb,nicolekelly@example.org,630.859.0852x10073,"917 Pierce Way Suite 816, Port Zachary, UT 20044","193 Greene View, Lake Carol, NY 55825"
158,Justin,Heath,frederick99@example.com,,"000 Frank Route Apt. 231, New Kevin, VA 96093","PSC 5171, Box 7171, APO AE 64168"
159,Robert,Perry,aaron05@example.org,932-541-9417,"479 Benitez Stravenue Suite 547, New Sierraland, TX 29271",
160,Eric,Morton,sotocarla@example.net,675.521.8886,"USNV Sharp, FPO AE 60449",
161,Robert,Gonzalez,vanessafrank@example.net,001-747-958-8947x742,,"440 Kidd Manors, Carrieport, NM 20660"
162,Richard,Hernandez,vickie52@example.net,001-937-219-8277x737,,
163,Charles,Hampton,marissamcdonald@example.com,001-695-833-7296x611,"279 Rosales Village Suite 596, New Joelside, SD 62051","904 Brandon Groves Apt. 983, Lake Brandon, MN 26069"
164,Curtis,Dorsey,vgalloway@example.net,667.492.2489,,"35348 Smith Lights Suite 553, Michaelland, CA 53522"
165,Timothy,Henry,dmoreno@example.org,,"PSC 1129, Box 5857, APO AP 14366",
166,Brian,Nichols,floressamuel@example.org,971.830.9830x789,"865 Grant Plains Suite 269, Zimmermanville, LA 36648",
167,Mary,Ross,biancagarcia@example.com,,"2256 Christopher Turnpike Suite 448, Wagnerburgh, WV 10455","53617 Munoz Rue Suite 033, Port Rickymouth, OH 62454"
168,Amanda,Moody,danajacobs@example.org,(258)213-8885x4077,,"790 Jill Tunnel, Shellychester, MP 45991"
169,Nicole,Harris,tammy57@example.com,(543)789-1001x09965,,"53503 Velez Court, Bakerview, CO 01734"
170,Douglas,Bowers,kbrown@example.net,,"66013 Hoffman Fields Apt. 460, Brittneyton, CO 34605","0804 Monica Turnpike Suite 040, Ballardmouth, CO 66014"
171,James,Moore,sharris@example.org,7447286998,,"227 Skinner Ranch, Lake Bethberg, NC 31242"
172,David,Harris,zreyes@example.com,,,"2899 Jasmine Mission Suite 794, East Josephtown, ID 09954"
173,Rita,Sims,ashleyprice@example.com,,"487 Peter Vista Suite 370, New Walter, MA 69358","566 Benson Station, Lake Angelaland, AZ 21287"
174,Monique,Phillips,nstevens@example.com,+1-341-363-3929,"69042 Young Points, Albertview, WV 91172",
175,Megan,Taylor,josephboyd@example.com,939-397-6959x344,"036 Roth Loop, Hannahstad, OK 14300",
176,Jerry,Lewis,michaelnorris@example.org,873-812-5339x22971,,
177,Brian,Allison,parkerdavid@example.net,651.765.6793,,"572 David Loop Suite 439, East Jamesview, FL 92284"
178,Linda,Burton,henrycharles@example.com,+1-241-282-0623x2762,"405 Krista Canyon Suite 849, Lake Gloria, RI 22708","238 Byrd Vista, Clairestad, FL 12121"
179,Diana,Morris,thomasmiller@example.com,001-924-351-8836x033,"876 Crystal Course Apt. 127, New Victoriaview, VT 90680","27839 Kelly Corner, Port Markmouth, PA 20773"
180,Carla,Leonard,rpeterson@example.net,,,"8372 Copeland Camp Apt. 475, Gallagherburgh, TX 12934"
181,Brooke,Carlson,crodriguez@example.org,,"PSC 2239, Box 0197, APO AP 42685","27126 Michael Motorway, Harrisonfort, ME 01829"
182,Patrick,Bray,thompsonsusan@example.com,6879520781,"54590 Tyrone Causeway, Glennport, NV 93108",
183,Mason,Rogers,jeffrey34@example.org,+1-507-797-3944,"793 Meyer Overpass Suite 156, Richardside, WI 67329","55643 Hernandez Haven Apt. 750, Katrinatown, HI 86649"
184,Eric,Coleman,brandon43@example.com,,"8462 Wilson Crescent, Cowanport, UT 27330",
185,Scott,Holmes,reyescynthia@example.net,,"PSC 1990, Box 4122, APO AE 42667",
186,Jordan,Johnson,johnpalmer@example.net,,"6456 Jared Neck Apt. 749, North Chase, DC 70749","113 Williams Terrace Apt. 166, Jonathanview, ID 15015"
187,Alicia,Solis,pcastro@example.com,909-311-9463x48280,,"0365 Kent Harbors, Noahberg, MO 78827"
188,Justin,Brown,michaelgloria@example.net,,"7472 Joshua Station Suite 903, West Kimberlyshire, OH 79168","449 Thomas Crest Apt. 030, Thompsonchester, AK 45699"
189,Sarah,Burke,dbarker@example.net,(829)458-4687x8902,"PSC 1567, Box 7941, APO AP 01013","4491 White Gateway Apt. 959, Amytown, MP 11691"
190,Amber,Mcintyre,christineford@example.com,658.905.4662,,"99817 Flores Ville Suite 544, East Carloschester, ND 30209"
191,Michele,Turner,nicholas29@example.com,001-587-804-5794x673,"698 Joseph Underpass Suite 777, Julieborough, FL 25588","242 Hall Circles Apt. 538, Sandersland, CO 69890"
192,Erik,Bryant,robert53@example.net,+1-638-653-0035x7105,"103 Hall Ramp Suite 795, Laurieville, TN 65557","24825 Smith Club Suite 666, North Angela, AK 60686"
193,David,Patterson,matthewmontes@example.net,963.569.6506,"5121 Felicia Lake, Elizabethport, CT 64620",
194,Kevin,Tran,jenkinskevin@example.net,+1-650-834-0304,,"29352 Schultz Harbors Suite 099, New Lori, VI 70919"
195,David,Dalton,gabrielle86@example.org,(209)781-9350,"85360 Bailey Hollow Suite 320, Port Rachel, DE 47800","39014 Erica Haven Suite 588, New Ericamouth, GU 50737"
196,Sharon,Hoover,brandon11@example.net,001-747-617-0398x581,"97097 Alan Loaf Apt. 960, West Daniel, MP 66620","75643 Jacob Glen, Alexanderhaven, MA 15379"
197,Sarah,Vasquez,pvasquez@example.net,923-365-7744x0475,"PSC 0357, Box 9771, APO AE 95900","13439 Diane Inlet, New Kristenburgh, ID 74524"
198,Daniel,Smith,nathanielkaufman@example.org,,,"331 Bennett Lodge, Josephshire, GU 00669"
199,Donald,Owens,cguerrero@example.org,001-492-287-4773x040,"624 David Plaza, Tiffanyton, AK 09724",
200,Steven,Smith,nbarry@example.org,999-461-8125,"566 Rivera Avenue Suite 662, Mariomouth, NH 83416","809 Michael Hollow, West Matthew, KS 07844"
201,Angela,Stewart,lsmith@example.net,,"804 Dawson Freeway, Mcclureview, PR 84885","41566 Christine Walk, Port Kellymouth, ID 28292"
202,Lance,Rollins,thomas07@example.net,001-277-450-0154x927,"47919 Mark Forge Suite 185, Robinsonchester, FM 04812","5245 Brent Greens Suite 944, West James, NC 23977"
203,Deborah,Sherman,matthew81@example.net,,,"155 Tyler Heights Suite 619, Charleschester, UT 43965"
204,Mitchell,Grant,michael00@example.net,767-799-4765,,"04157 Scott Plains, East Scottfurt, DC 45700"
205,Adam,Ewing,cgreen@example.com,,,"4269 Valerie Garden Suite 747, Davischester, ID 59597"
206,Wayne,Wood,owalsh@example.com,617-290-1429,,"148 Tonya Cape, New Kristiview, UT 35709"
207,Anne,Davis,munozjennifer@example.net,001-321-984-9262,"Unit 7860 Box 9102, DPO AP 40626","942 Carla Canyon Suite 814, Justinshire, FL 15988"
208,Robert,Medina,robert62@example.com,952.649.6986x449,,"784 Wilkerson Groves Apt. 859, Tonyashire, NV 39232"
209,Garrett,Wolf,qcarroll@example.org,,"3722 Christopher Knoll, East Paul, MT 60348","895 Matthew Forks Suite 266, Port Caseyberg, RI 16761"
210,Suzanne,Estrada,pottsdaniel@example.net,6568217618,"8574 Teresa Haven Suite 439, East Jennifer, RI 69216",
211,Megan,Davis,haleshane@example.com,8778015575,"5064 Connie Camp, Stephanieberg, VA 28557",
212,Sarah,Barrett,daniel50@example.org,,,"12389 Berg Plaza, East Curtis, SC 88120"
213,Christopher,Smith,vpace@example.org,568-818-4435x40284,,"64146 Anthony Pike Apt. 421, Schroederville, CT 04206"
214,Crystal,Robinson,darrelljackson@example.org,+1-403-937-9012x3534,"5540 Nash Dam, Thomashaven, NC 56358","18391 Garza Fall, East Alex, ID 87163"
215,Bradley,Hughes,cummingsdennis@example.net,431-546-9997x403,"968 Mcbride Ferry, Smithstad, ID 77941","94164 Charles Fork Apt. 355, Jenkinsview, VA 13533"
216,Donald,Tran,christopherjones@example.net,+1-452-275-1104x5902,,"47455 Danny Pass Apt. 341, New Josephside, AS 98021"
217,William,Harrington,jorgesmith@example.com,+1-787-315-7252,"246 Blankenship Haven, Rhondachester, MP 35257","18736 Matthew Circles, East Denise, NV 57773"
218,Christina,Johnson,nicole51@example.com,,"079 Fisher Wall, North Sandraside, ND 71949","776 Mckee Ford Suite 407, Spencershire, NC 53281"
219,Felicia,Smith,weberpaul@example.com,394.463.4108,"32650 Villa Club, Cantuland, AZ 11300","95547 William Springs Suite 675, East Richardville, UT 66765"
220,Rachel,Curtis,jdavis@example.net,460.867.5078,"72774 Collins Plaza, Jameschester, NV 30836","3330 Bruce Views, East Charles, AK 84049"
221,Paula,Montgomery,wbrown@example.org,(638)276-2596,,"08469 Coleman Loop, Maldonadoview, DC 74708"
222,Jared,Bender,alvaradokeith@example.net,,"597 Dickson Rest Suite 906, Gilbertville, IA 49119","247 Martha Ridges Apt. 413, Port Paulville, IL 06160"
223,David,Williams,linda07@example.com,(565)207-7671,"6461 Amanda Crest, Roblesberg, UT 91307","2729 Philip Streets Apt. 561, Benjaminland, WA 74681"
224,Rebecca,Myers,kingaaron@example.org,001-472-916-7279x531,,
225,Pamela,Smith,zalexander@example.org,,"476 Luis Skyway Apt. 572, South Jennifer, WA 44717","90671 Daniel Creek, Port Stephaniefort, NM 27476"
226,Michelle,Maldonado,allison29@example.net,873.919.9421x2030,"69218 Walter Extensions Suite 836, East Christopher, OR 54529",
227,Jenna,Reynolds,htucker@example.org,(885)779-1043,"13128 Collins Dam, West Richard, DC 18494",
228,Kevin,Hernandez,rbriggs@example.org,,"Unit 0514 Box 0397, DPO AA 20689","9438 Short Crest Apt. 294, North Derrick, AS 65880"
229,Amber,Soto,oadams@example.net,355-693-4717x496,,"229 Pacheco Lodge Apt. 774, Robertburgh, CT 45749"
230,Brian,Williams,sthomas@example.net,+1-377-666-5012,"15132 Danny Loaf, North Dylan, WI 64150","65123 Natasha Valley, Murphyshire, GU 71374"
231,Nicole,Brown,james03@example.net,(201)312-3435x07978,,"Unit 4814 Box 6371, DPO AA 25755"
232,Andrew,Clark,leahmunoz@example.com,,"0671 Sanchez Spring Apt. 920, North Cheyenneshire, AL 28641",
233,Maria,Riggs,drose@example.com,,"109 Ramos Mount Apt. 215, West Manueltown, LA 91345","09528 Jeremy Coves Suite 885, East Erikstad, FL 06379"
234,James,Park,frank44@example.org,,"717 King Plains Suite 232, Scottfort, WV 97591","49771 Clayton Point, South Karenton, MA 29067"
235,Sandra,Flores,harringtonjonathan@example.com,(287)794-1640,,
236,Robert,Pena,sanderssteve@example.org,,"PSC 7904, Box 7373, APO AP 39496","36100 Daniel Corners Suite 018, Port Jamie, FL 49551"
237,Lauren,Phillips,brianhendricks@example.net,,"21006 Richard Union Apt. 333, East Troyfort, MA 05669","2833 Heidi Valleys Apt. 830, East Stacyfort, DE 61959"
238,Jesse,Harris,gravesmargaret@example.com,,"1011 Kimberly Lakes Apt. 745, Singletonside, NV 82229",
239,Jonathan,Simmons,laura03@example.org,899-313-6932x84526,"175 Banks Drive, West Alyssamouth, GU 65394","43388 Lane Mountains, New Meaganside, NJ 88429"
240,Hunter,Erickson,danielgonzales@example.org,594.649.9531,"PSC 4566, Box 4609, APO AE 32381","4340 Macdonald Squares, East Lisafort, MH 23152"
241,Jenny,Collins,perezjason@example.net,,"147 Timothy Point, East Russellfort, MD 18763","5782 Tina Underpass Suite 415, West Davidfurt, TN 09455"
242,Anthony,Herring,dylanthomas@example.org,,"0848 Alicia Lakes Suite 892, North Deborahmouth, SC 63446","18820 Clark Vista Suite 255, Davidland, WY 24026"
243,Bryan,Ferguson,jenniferturner@example.net,001-893-665-7919x623,"8147 Johnson Island, North Jacob, NV 74711","87270 Jennifer Locks Suite 610, North Melody, SD 27292"
244,Bethany,Nelson,dawsonscott@example.net,5532003848,,"1403 Lucero Road Suite 696, Stacybury, TX 17520"
245,Joshua,Li,hodgesashley@example.net,001-320-563-9768,"PSC 6974, Box 9998, APO AA 24728","376 Nancy Summit, Millerville, AK 26496"
246,Kimberly,Williams,eneal@example.com,,"18378 Santana Canyon Suite 724, Kaiserton, VT 28188","5780 Flynn Mount, Sarahmouth, LA 80150"
247,Zachary,Cruz,kevans@example.org,,"6112 Eric Freeway Apt. 232, West Robert, TX 47634","4275 Hoffman Manors, Richardfurt, ME 21484"
248,Amy,Williams,melaniegarza@example.org,+1-754-760-8057,,
249,Katie,Copeland,grahammelissa@example.com,(345)445-1394x50026,"1392 Shelby Squares, North John, IN 53577","96787 Jackie Village Apt. 436, Reedville, AL 67274"
250,Joshua,Fisher,gardnercharles@example.com,,"05539 King Rue, West Susantown, UT 35305","USS Craig, FPO AA 94416"
251,David,Blair,michellevelazquez@example.org,480-404-1215,"9970 Sheppard Neck, New Davidland, FL 04753","57505 Lisa Lights, Richardfurt, IA 75053"
252,Miguel,Lloyd,cynthiabrandt@example.org,587-452-5761x254,,"4741 Suzanne Road Suite 510, Ronniefort, NJ 25931"
253,Joseph,Dunn,lanelisa@example.org,+1-276-886-2665,"0674 Kayla Extensions Apt. 906, South Anna, AZ 83455","14073 Gardner Island Apt. 128, Port Alan, WI 47600"
254,Tammy,Padilla,smithtyler@example.com,776-215-0059x1813,,
255,Lauren,Roberts,leelauren@example.net,001-304-350-1496,"4062 Tina Flats Apt. 232, Abbottfurt, IN 52741","88720 Lowe Lodge, Crawfordberg, SD 07306"
256,Brittany,Patel,rebeccahebert@example.org,698-808-4528x87944,"3719 Warner Drive, Rachelville, CA 91229","5075 Diaz Circles, Lake Sarah, MN 26237"
257,Larry,Hopkins,baileyamber@example.org,,,"12025 Evans Walks, North Elizabeth, LA 69467"
258,Tonya,Martin,powersjoseph@example.net,589-893-2692x059,"PSC 1661, Box 3984, APO AE 37020","615 Jones Springs Suite 048, Silvaview, WY 94889"
259,Juan,Fuller,christine03@example.org,001-259-204-3862,"26946 Stephen Track Suite 092, Steventown, KS 58792",
260,Craig,Macdonald,chadsnyder@example.net,001-220-353-5392,"28308 Wyatt View, East Johnborough, NH 88891","22330 Heidi Street Apt. 629, Port Susanchester, HI 82570"
261,John,Saunders,travis86@example.org,,,
262,Mathew,Davis,foleydana@example.com,001-992-481-4696x434,,"95579 Julie Manor Suite 114, Calderonstad, RI 81933"
263,Kristy,Khan,walterrichard@example.org,,"852 Kimberly Knoll Apt. 268, Walkerside, MD 71990","032 Aimee Knolls Suite 914, Johnton, IA 85294"
264,Tasha,Lawson,michaelcohen@example.com,,"Unit 4315 Box 7110, DPO AE 78926",
265,Patrick,Ford,fgood@example.com,,,
266,Sean,Browning,williamdavis@example.org,+1-209-247-2879,,
267,Patrick,Chambers,chambersphilip@example.org,,,"3484 Maria Gateway Apt. 209, New Corey, MA 79426"
268,Valerie,Ochoa,martinezdylan@example.com,848-258-0363x954,"0042 Walker Stream Apt. 854, North Cindybury, CO 13184",
269,Veronica,Gilbert,simsmatthew@example.org,,,"1408 Perkins Manor, South Jennifer, WY 45114"
270,John,Mata,jasonbass@example.com,,,"674 Munoz Mills Suite 238, Willieton, OR 54993"
271,Tanya,Franklin,cunninghambradley@example.com,383-562-2883x3475,"20831 Jillian Brook Suite 529, Loveberg, NY 62570","75962 Anthony Turnpike Apt. 292, Laurabury, FM 48781"
272,Susan,Hoover,julie00@example.net,,,"USNS Garcia, FPO AE 13790"
273,Dominique,Velasquez,higginsdaniel@example.com,755-841-2176,"24873 Lane Mountain, North Lindseyhaven, NE 02660","Unit 7635 Box 9112, DPO AA 77777"
274,Daniel,Gordon,williamsmelissa@example.com,,"41677 Martinez Summit, Port Jasonport, AS 12619","16284 Elizabeth Cape, Deborahchester, GU 11521"
275,Lisa,Reed,marionewton@example.net,,,
276,Kayla,Gomez,melissa21@example.org,,,"85382 Malone Court, Denisemouth, MA 13474"
277,Karen,Richards,brittany05@example.org,,"8629 Danielle Shoal, Port Tammyfort, ND 59129","7858 Michelle Branch, Lake Billy, MS 95279"
278,Elizabeth,Miller,christophergreene@example.net,454.263.4885,"9926 Bryan View, Scottside, TN 45473","83340 Timothy Flat Suite 044, South Sylvia, DE 42325"
279,Mark,Moore,ashley82@example.org,(714)902-2044x57911,,"3662 Susan Island, North Lisaport, GU 69463"
280,Catherine,Gillespie,christopher98@example.com,(845)258-1378,"599 Buckley Parkways, Gonzalesland, OR 33230","781 Hernandez Crescent, Lake Craigmouth, ME 13843"
281,Brett,Miller,powelljose@example.org,(668)206-3289x12337,"090 Karina Mountain, Sherryland, OH 69703","419 Nolan Court, South Wanda, NV 70579"
282,Sandy,Castaneda,frederick34@example.net,001-680-284-8411x655,,
283,Perry,Lynch,krobertson@example.com,2379726455,,"624 Villegas Coves, West Toddport, AS 96262"
284,Tyler,Johnson,monica78@example.org,,"69486 Adams Neck Suite 428, Lake Rachel, WI 66261","Unit 3270 Box 9560, DPO AE 70363"
285,Carlos,Powell,blackjessica@example.org,,"5462 James Plains, Christopherton, MO 52326","313 Kyle Locks Suite 687, Sabrinabury, KS 28364"
286,Michael,Carter,amandabender@example.net,2995499035,"021 Clark Locks Apt. 896, Stevenside, DE 07073","866 Jackson Path, East Mike, IL 89615"
287,Judy,Johnson,josephlawrence@example.org,(640)659-5579,"76614 Huffman Springs, New Madeline, AR 68966","59355 Jones Shores, South Deborah, AR 03424"
288,Kimberly,Cameron,torresmatthew@example.net,335.661.0607,"7578 Orozco Mountain Suite 889, Port George, OK 10364","529 Ana Ports, New Ryan, AR 91342"
289,Donald,Sutton,christopher70@example.net,+1-407-665-0806,,"062 Gregory Fords, Perezton, LA 01873"
290,Tyler,Hudson,gomezangela@example.org,749-294-7528x084,"5735 Cox Stravenue, Burtonshire, MD 69168","0057 Mccoy Bridge Suite 075, Port Aaronbury, MS 91375"
291,Jeffrey,Williams,daniel93@example.net,943.569.0797,"79688 John Villages Suite 267, Port Jenniferport, DE 36321","0265 Calvin Flat Suite 323, Jamieland, DE 12675"
292,Tiffany,Hall,michelle35@example.org,,"27252 Green Streets Apt. 964, South Josephport, ME 05335","6479 Kathleen Turnpike Suite 002, Lake Briannatown, NE 05220"
293,Allison,Pierce,pcook@example.org,(383)225-2686,"6049 Thompson Brook, Marcusburgh, CT 41150",
294,Stanley,Palmer,normantanner@example.net,(765)396-2603x65029,"6414 Boyle Isle, Karenville, AS 17524","5331 Fisher Road, North Corey, MN 83443"
295,Brandy,Allen,karen42@example.net,,,
296,Russell,Black,jacksonamanda@example.org,,"088 Mcintyre Field Apt. 239, Andreaberg, FM 36024","5919 Anderson Forges, Port Tamara, ND 24843"
297,John,Blankenship,leechris@example.net,001-478-998-6574x578,,"8602 Webster Burg Suite 686, Craigstad, GA 04789"
298,Matthew,Thompson,burnsgreg@example.com,4033656832,"46424 Smith Lane Suite 999, Francostad, WY 42750",
299,Charles,Sanchez,xreese@example.org,+1-741-721-4814,,
300,Mark,Mcdowell,claire25@example.org,,,"7674 Conner Trace Suite 812, Port Anthony, OR 12799"
301,Kara,Chang,medinarichard@example.net,(542)756-5189,,"21350 Jamie Cliff, Toddville, ND 49575"
302,Teresa,Boyer,jross@example.com,(839)583-0727x5558,"3301 Melissa Circle Apt. 693, Atkinstown, CO 62931","583 Young Viaduct, South Amanda, PR 26019"
303,David,Jones,seankaiser@example.com,,"8729 Crawford Ridge Suite 183, Colleenmouth, FM 69021",
304,Michelle,Harvey,stephendrake@example.org,001-447-428-2112x835,"144 Pamela Heights Apt. 758, New Danielfort, UT 05658",
305,Sean,Perez,hopkinsjames@example.net,(212)522-0118,"471 Burns Road, East Michael, TX 49316",
306,Michael,Morgan,curtispratt@example.net,362.947.2761,"17846 Amanda Road, Laneport, MT 96672","589 John Mills, Clarkbury, IA 82229"
307,Amy,Johnson,thompsondavid@example.org,001-828-546-0119x810,"580 Stephen Points Suite 360, Port Jose, PW 26887",
308,Elizabeth,Mann,pughluke@example.com,,,
309,Heather,Ellison,cassandra52@example.com,,"PSC 0594, Box 0203, APO AP 44769","6523 Victoria Manor, Meganbury, PR 08873"
310,Juan,Long,victorianguyen@example.com,,"23104 Cantu River, North Adrienne, TX 01033","7048 Anthony Trail, West Seanfort, MS 74521"
311,Beth,Chambers,pamelarichardson@example.org,,"2272 Davis Mission, South Evanhaven, KS 99731","PSC 1523, Box 7845, APO AP 74442"
312,Margaret,King,watsondawn@example.org,794.266.0830,"9205 Mitchell Ridges, Amandatown, NM 90407","41168 Bowen Isle Apt. 085, New Lisa, NE 76309"
313,Teresa,Dennis,greenchristian@example.org,5087475343,"7005 Evans Loaf Suite 744, Johnsonshire, OK 69808",
314,Anthony,Tate,rclark@example.net,,"4377 Jackson Junctions, Traciestad, SD 51238",
315,Jennifer,Landry,rbennett@example.org,+1-339-710-9598x0738,"50086 Delgado Branch, Rebeccatown, MT 44912",
316,Lisa,Davis,wcarter@example.net,,"892 Brandy Canyon Apt. 327, West Adrianaville, WV 54641","465 Murphy Mission Apt. 833, Hillville, DC 48003"
317,Kimberly,Bolton,daniel31@example.com,7579256365,"566 Houston Radial, East Christopher, FL 75924","3421 Peter Walks Suite 412, Williamsborough, TN 20190"
318,Charles,Lee,cookangela@example.net,,"94474 Luna Gardens, Lake Danielle, MS 38276","73508 Larson Station Apt. 103, Port Saraland, NV 92709"
319,Jeffrey,Smith,yroberts@example.com,,"330 Randy Ranch, Port Tylertown, OH 59889","1226 Nicholas Turnpike Suite 342, Lake Louis, AK 24079"
320,Daniel,Higgins,christopherhaney@example.net,918-840-3410x06278,"443 Chambers Harbors Apt. 527, Davisbury, WY 06906",
321,Ryan,Glover,leonardcasey@example.org,(893)387-0640x3982,"7960 Heather Glens, Port Robin, MH 18033",
322,William,Adams,dixonjoshua@example.com,001-412-622-8089x496,"614 Brenda Station Suite 635, East Meghan, NH 46924",
323,Peter,Hill,gary24@example.com,+1-618-289-8869x5838,"85077 Lopez Parks, Port Erin, IA 32079",
324,Nathan,Jackson,wilsontonya@example.org,,,"72170 Paul Summit, Lake Shaunburgh, UT 55118"
325,Cheyenne,Garcia,rebeccadaniels@example.org,001-597-366-6814x152,"52712 Sullivan Ports, Staffordhaven, AL 35739",
326,Matthew,Hoffman,martinezlisa@example.net,,"PSC 4392, Box 6165, APO AA 99485",
327,Cheryl,Kelly,edwin79@example.net,(436)518-7673,"355 Moore Island Apt. 306, West Austin, WA 58047","5401 Williams Lakes, Spearshaven, MO 30183"
328,Morgan,Walton,jordandana@example.com,734.310.4578x82452,,
329,Jasmine,Lopez,scotthowell@example.net,(639)690-9234x398,,"905 Shaffer Avenue Suite 647, Kimberlyport, GU 67101"
330,Matthew,Thompson,rachelramos@example.net,995-320-4692x3942,"Unit 0951 Box 0896, DPO AA 56597","57517 Rachel Station, Lauriemouth, CT 51396"
331,Brian,Sullivan,arnoldvictor@example.org,9703534003,"2440 Robin Springs, Joyceton, KY 08916","USCGC Wright, FPO AA 36517"
332,James,Johnson,mahoneyedward@example.org,456-639-4359,,"84925 Derek Keys Suite 035, East Rachel, DE 79833"
333,Jason,Brown,taylorgeorge@example.net,001-420-731-4122x718,"01484 Jessica Locks Suite 569, Melissaport, GA 22556","58329 Vargas Plains Apt. 322, Strongville, NM 37374"
334,Suzanne,Stout,alan08@example.com,(266)435-5774x86803,,
335,Daniel,Ball,curtis24@example.org,223-956-2107,,
336,Dana,Rhodes,vsanchez@example.net,(518)895-6682x2947,"420 Rhodes Extensions, Courtneyberg, IL 32159","4644 Lindsay Vista Suite 222, East Sarah, HI 95703"
337,Kimberly,Hardy,laurajones@example.net,589.785.6505x4812,"82945 Burns Wells, New Ianmouth, AK 07912","10628 Jenkins Walk, Sethview, OK 75284"
338,Sydney,Jimenez,ian38@example.com,(323)567-8391,,"USCGC Torres, FPO AE 89885"
339,Terri,Jackson,brittanythomas@example.com,001-706-334-2040x367,"74941 Jenkins Lights, West Alyssa, GU 60156",
340,Alyssa,Hall,hamiltontina@example.net,+1-801-647-4814x029,"76191 Amanda Mall Suite 292, Port Austin, SC 64492","790 Williams Bypass Apt. 378, Acevedoville, SD 34925"
341,Jason,Rollins,hallchristian@example.com,296-221-9909x9751,"45397 Luke Parkway Apt. 813, West Carlos, MD 91560","071 Osborne Mills, East Jennifer, FM 58381"
342,Brandy,White,pwallace@example.org,,"PSC 0559, Box 2618, APO AE 20403","USS Carter, FPO AE 77625"
343,David,Johnson,cathy51@example.net,,,
344,James,Thompson,kevinlewis@example.org,,"USNV Jackson, FPO AA 29626","Unit 9502 Box 2934, DPO AP 24582"
345,Craig,Benson,dakota99@example.org,001-548-635-3793,"796 Angela Islands, Thomastown, VT 19706","99968 Sherman Track, New Brittney, CA 37221"
346,Joseph,Gardner,wellserin@example.org,,,"5690 Cindy Junction Suite 846, North Edwardfort, SD 98169"
347,Brett,Carter,dicksonteresa@example.org,,"90774 Meyer Lane Suite 384, New Jason, WV 37104",
348,Christina,Wyatt,warrenjustin@example.net,430.888.1649x9014,"84596 Fisher Trail Apt. 170, Isabellaport, ME 97826",
349,Catherine,Knight,pratttracy@example.net,001-528-217-8020,"96516 Kendra Springs Apt. 091, Mollybury, OH 83159",
350,Tina,Schmidt,michael50@example.org,672.221.3070,,
351,Victoria,Robinson,lesliemartinez@example.com,,"494 Lewis Cove Apt. 259, West Linda, AK 60574","738 Alexandria Bypass Suite 317, Justinhaven, HI 37292"
352,Daniel,Smith,msimmons@example.com,345-868-8309x42780,"4917 Wiggins Drive Suite 706, East Tracyside, WV 45969","032 Turner Ports, Tammymouth, NM 49333"
353,Rebecca,Salinas,javiergomez@example.net,825-440-8848,"931 Jordan Route, Josephchester, CO 56535","09666 Andrew Estate, Phillipsborough, WY 12009"
354,Melissa,Stuart,robert66@example.com,464.779.9266,"427 Turner Meadow Suite 013, South Glenda, PA 26807",
355,Michael,Mcknight,hannah97@example.com,,"USCGC Campbell, FPO AE 35060",
356,Cindy,Barker,lauraoconnell@example.net,001-566-949-9780x529,"203 Morris Streets, Autumnmouth, DE 72257",
357,David,Mills,colealison@example.net,001-751-537-9112x702,,"0153 Mercedes Loaf, South Erica, MT 81975"
358,Richard,Hayes,cainmegan@example.net,505.277.6214x332,"PSC 8614, Box 7623, APO AE 08349","90342 Mitchell Orchard Apt. 585, Smithtown, DC 58696"
359,Jeff,Mcdonald,swright@example.net,001-319-634-4306x921,,"92469 Weiss Mill Suite 343, Medinamouth, AZ 74186"
360,Michele,Patterson,rjones@example.org,483-739-3835x6630,"1130 Lindsay Land, Gonzalesmouth, CO 66809","807 Elizabeth Pass Suite 512, Coletown, VA 40025"
361,Robert,Taylor,matthew67@example.net,580-480-1373,"09276 Buckley Summit, East Teresa, CO 98490",
362,Eric,Richardson,frank43@example.org,,"9880 Estrada Port Apt. 516, West Eddieborough, FL 45154","7407 Jones Course, Garciafurt, MD 83711"
363,Roy,Collins,stricklandstephanie@example.com,826-557-1544,"USNS Lopez, FPO AA 68001","11728 Brittney Green, New Suzanneburgh, AS 90000"
364,Emily,Mcdonald,ureyes@example.org,,,"6922 Davies Glens, Dianeton, WA 71766"
365,Nicole,Johnson,nicolewoods@example.net,497.723.9320,"679 Pearson Forges Suite 495, Samuelton, WI 05882","0735 Todd Crescent Suite 438, Bartlettburgh, TX 28362"
366,Kendra,Hill,glen73@example.com,,,"43582 Parker Valleys, North Joshua, OR 96191"
367,Lisa,Thompson,kshaw@example.org,,"PSC 1173, Box 0090, APO AP 47450","757 Nathan Fords Suite 193, South Andres, NE 31417"
368,Susan,Lyons,robinsoncandace@example.com,,,"USNS Mcclure, FPO AA 93986"
369,John,Castaneda,kirstencohen@example.com,,"4475 Ortiz Ridges Suite 416, Samuelshire, NE 80393","246 Nicole Cliffs, Riveraview, NV 56638"
370,James,Ponce,cooleyamber@example.com,001-985-230-6460x263,,"4382 Robertson Mills Apt. 936, East Williamborough, KS 51158"
371,Keith,Johnson,brianfigueroa@example.net,512-535-4679x407,"572 Teresa Flats, West Cory, MA 72012","335 Monica Ramp, North James, NJ 95432"
372,Jennifer,Moss,romeromolly@example.org,,,"031 Jenkins Path Suite 509, East Heather, AR 40148"
373,Amanda,Hernandez,flewis@example.net,+1-261-837-0426x6592,"240 Krista Tunnel, North Paul, KY 30888",
374,Michael,Arroyo,sclark@example.net,970.459.2100,"34805 Smith Motorway Apt. 920, Medinaberg, WY 83616","2340 Emily Garden, Williamsmouth, MI 84669"
375,Michael,Davis,louis15@example.org,+1-305-244-7123x591,"35761 Howell Harbors, South Bradleyport, LA 06941","17315 David Parks Apt. 518, Walkerfurt, MH 04746"
376,Emily,Jackson,warnerlance@example.org,,"154 Watkins Lodge Apt. 362, Floresberg, PW 73314",
377,Jacqueline,Sweeney,mbecker@example.net,894-427-0199,,"54520 Chandler Expressway, Transide, MO 60561"
378,Emily,Howard,megan38@example.com,001-964-296-0434x563,"49080 Vickie Place Apt. 580, North Nicole, NJ 75843","41341 Harrington Glen Suite 413, Barbarastad, NM 81594"
379,Kimberly,Ware,cynthia53@example.com,,"391 Chelsea Valley, Millerville, HI 69622","0343 Melissa Shores, West Timothyberg, MA 45120"
380,Shelley,Hunt,kjackson@example.net,001-375-501-3863x085,"31918 Amber Haven, South Natalie, WY 22406","7718 Jason Heights Apt. 388, Port Stevefort, TX 31062"
381,Charles,Simmons,russelljason@example.org,,,"897 Ashley Ville, Karenberg, FL 45189"
382,Kimberly,Wilson,nbarrett@example.net,+1-725-372-6730,"PSC 1073, Box 7629, APO AP 37521","6720 Williams Key Apt. 836, Port Andrew, MO 54586"
383,Cathy,Simpson,smithpamela@example.org,,,"066 Michael Vista, South Tracyside, PA 43274"
385,Erik,Hughes,nicholascarter@example.com,,"41199 Joann Run Suite 010, West Tyler, KS 80348","869 Russell Trail Suite 719, North Jessica, PA 78315"
386,Timothy,Fry,rphillips@example.com,7989753617,,"3932 Johnson Turnpike Apt. 039, South Jeanchester, NV 70983"
387,Shannon,Barrera,awatkins@example.net,,"2444 Spencer Lodge, Port Annaville, NJ 16996","566 Dennis Square, West Mauricefurt, CO 55750"
388,Kathy,Miller,brendadominguez@example.net,,"125 Michelle Ferry Suite 316, Gomezfurt, OK 68380",
389,Karen,Haynes,gsuarez@example.org,,"9439 Juarez Gardens, West Julieburgh, AZ 18749",
390,Paula,Garcia,adamsmichael@example.org,580.784.7903,"42516 Jaime Viaduct, East Davidchester, MA 67085","019 Jones Glens, Ramirezmouth, NE 22217"
391,Amber,Mendez,yatesnicholas@example.net,,,
392,Christopher,Cruz,ellissamuel@example.net,001-637-945-4274,"9587 Sandra Key, Port Melissa, TN 18158","6033 Lindsey Oval, Charlesview, NJ 37892"
393,John,Conner,keith93@example.net,(587)654-8196x07742,"76865 Michael Shore Apt. 327, Gillespiebury, MP 00705","77669 Wright Trail Suite 718, Tinaland, GU 76445"
394,Tammy,Reid,malloryharris@example.org,592-688-7024x94473,,"38662 Toni Tunnel, North Jenniferhaven, OH 31793"
395,Gregory,Wheeler,david53@example.com,(304)713-2053,"66564 Thomas Centers Suite 335, East Charles, KY 76325",
396,Charles,Martin,travisyoung@example.org,495-616-1030x424,"03638 Gonzalez Garden, North Jameschester, MA 94052","90703 Park Locks, North Alexander, MN 04865"
397,Maureen,Ramirez,baldwincrystal@example.net,,"244 Mckinney Highway Apt. 130, Lake Joshuafort, WI 33927","992 Donald Plain, Aliciafurt, WI 37836"
398,David,Moore,tranhannah@example.com,001-384-521-1620x266,"84346 Cervantes Port, West Bryanhaven, PA 99815",
399,Joshua,Orozco,gordontrevor@example.net,354-540-0375,"644 Church Villages Suite 258, East Shawnmouth, VT 42759","PSC 7226, Box 2540, APO AE 26158"
400,Emily,Haney,leepaige@example.org,216.453.9056,"599 Michael Harbor, East Cristian, KS 02232",
401,Jeffrey,Parker,claytonscott@example.org,(635)585-5659,,"8946 Peter Mall Apt. 074, East Michael, CA 30646"
402,Alicia,Johnson,wangkendra@example.org,(852)489-5383x88734,"037 Ward Crest Apt. 291, South Nathan, PW 50396","03481 James Passage, New Claytonland, NM 79666"
403,Donna,Scott,anneclarke@example.org,(704)296-4348x818,,"2294 Diana Junctions Apt. 313, Sanchezstad, GU 06314"
404,Carmen,Hebert,sandradixon@example.net,812.364.5926,"1021 Sara Burg Suite 821, Reedland, MO 71094",
405,Marisa,Hardin,brianna74@example.org,001-397-711-1963,"3554 Johnson Expressway, Jonesfort, NV 76397","320 Elizabeth Branch Apt. 769, Lake Jasonside, MH 97030"
406,Dwayne,Harris,breannapeterson@example.org,,,
407,Allison,Preston,rodrigueztanya@example.com,892-323-7806x51672,"2796 William Club Apt. 440, New Dennis, NM 39040",
408,Carrie,Williams,tammy97@example.net,429.916.0197x913,,"2577 Jessica Road, Port Tonyburgh, NC 24003"
409,Evan,Barker,brandonhernandez@example.net,642-875-7224,"787 Bernard Lights Apt. 774, East Elizabethview, TX 68371",
410,Joshua,Carson,rmorgan@example.net,,"PSC 6365, Box 9573, APO AE 18244","4643 Daniel Squares, Jordanburgh, MI 68766"
411,Michael,Macias,christy23@example.net,,,"32326 Garcia Falls Suite 213, Port Randall, DE 42235"
412,Brent,Davenport,ricejulie@example.com,,"0371 Tiffany Streets Suite 573, Port Ericastad, MD 69244","7798 Colton Manor, Lake Rhondaport, OK 02580"
413,Zachary,Allen,samuelmyers@example.org,(836)894-0124,,"721 Isabel Prairie Apt. 918, New Charlesville, SD 93490"
414,Kayla,Young,wingram@example.org,,"PSC 7925, Box 0867, APO AE 86542","9270 Evans Cove, Jasonberg, NV 10225"
415,Katherine,Cook,john85@example.com,,"PSC 9913, Box 9988, APO AE 93975","3849 Reginald Lakes Suite 176, Mitchellbury, MO 58861"
416,Lindsey,Patton,williamsgregory@example.com,,"11155 Patricia Drive, Ortegaland, GA 47283",
417,Danielle,Kelly,monicaspencer@example.org,,"6540 Sue Mountain, Lake Sharonhaven, MI 85677","289 Thomas Crossing Suite 106, Lake Steven, CT 50261"
418,Kathryn,Bailey,carrollphillip@example.com,+1-383-624-7627x3114,,"73785 Wiggins Pass Apt. 385, North Kellyfort, GU 44128"
419,Colleen,Cox,wwilliams@example.org,,"848 Evans Cliffs, Lisaview, SC 81494","564 Cooper Trafficway, Lambertton, KY 95552"
420,Kevin,Wilson,richard36@example.org,(393)645-5563,"786 Nguyen Drive, Lake Juliaside, PW 43967",
421,Robert,Greene,nrivera@example.org,294-671-8943,"51220 Smith Mission, Murphystad, MN 91225","37875 Stone Cliffs, Summershire, NJ 35352"
422,Tamara,Young,nicholas72@example.com,608.307.3691,"604 Hays Extension, Georgestad, RI 55687","1189 Beck Island, West Frances, IL 09056"
423,John,Hall,pramirez@example.net,+1-732-890-9061x4238,"47615 Clark Plaza Suite 668, West Matthewview, MN 65473",
424,Glenn,Garza,leecrystal@example.org,653.535.9507x215,,
425,Joshua,Fields,walter52@example.org,+1-599-450-6776x4386,"68414 James Valleys Suite 609, New Taraborough, UT 27901",
426,Robert,Chavez,philipking@example.org,,"660 Myers Cape, Doyleport, IN 11525","30289 Sandra Meadow, South Joelberg, GA 19965"
427,Vincent,Jordan,rburch@example.net,001-575-547-7604x240,,"79071 Jackson Fall Suite 043, Lake Jeffery, IL 95608"
428,Michelle,Curry,melinda61@example.net,,"7054 Edwards Tunnel Suite 953, North Markmouth, FL 74425","45044 Erin Trafficway Suite 570, North Micheleport, SC 61088"
429,Kara,Ford,prussell@example.net,,"038 Wilson Walks, Castanedashire, NM 37555","348 Hill Valleys Apt. 442, Jamesfurt, OK 83113"
430,Amanda,White,mcarlson@example.org,(749)294-1621,"868 Jones Junctions, Morrisontown, VI 22632","PSC 5635, Box 5337, APO AA 48800"
431,Kelly,Carlson,alisonlevy@example.org,001-584-616-5197,"36126 Thomas Freeway Apt. 434, New Bobbychester, WA 22651","4244 Rodriguez Square Apt. 337, South Susanmouth, IL 97548"
432,Kyle,Arnold,hartmaneric@example.org,973-247-8547,"261 West Flat Apt. 789, New Kara, DE 37714","5230 Decker Parkways, Danaborough, PW 04259"
433,Ashley,Smith,daybrenda@example.org,(877)541-8383x170,,"30996 Erin Way, West Kayla, OH 80615"
434,Courtney,Ellis,matthewhudson@example.com,,"285 Ann Mills, Wangchester, CO 34128",
435,Jennifer,Cummings,valvarez@example.com,662-946-8421x9362,"3903 Wood Hollow, South Larry, DC 65908","73940 Berry Vista, New Caseystad, IA 94879"
436,Jeanne,Perez,lauren50@example.org,+1-547-699-1507x672,"909 Sarah Place Apt. 594, Guerreroburgh, WY 81658","516 Amanda Ways Apt. 752, North David, MT 63461"
437,Chloe,Smith,joshua76@example.com,,,"6178 David Creek Suite 578, South Waynechester, MH 89522"
438,Hector,Walker,reynoldsmindy@example.net,,"31315 Lee Parkway, Turnerbury, VA 41409",
439,Krista,Oconnell,walkerjessica@example.com,855.612.5879x232,"49288 Diaz Plaza Suite 216, Royfort, VI 76241","1610 Cochran Circle Suite 494, Lauraberg, NM 76502"
440,Matthew,Hodge,wagnerjean@example.com,609.576.0609,"0875 Adkins Extension Suite 156, South Evelyn, FM 56744","17844 George Knoll, Mariaberg, PA 13243"
441,Erin,Williams,dbennett@example.net,(380)672-9355,,"07234 Duncan Lane, North Sylvia, RI 77250"
442,Brittany,Sanchez,kevin48@example.com,(791)481-5613,"5848 Caitlin Trace Apt. 262, North Roy, MI 46867",
443,Lisa,Chung,angelcortez@example.org,213.941.4966,,
444,Paul,Bailey,fryejeffrey@example.com,771.843.4541x98352,"Unit 8706 Box 5052, DPO AA 17996",
445,Megan,Gates,duffymichael@example.net,001-478-455-9419,,"Unit 6603 Box 6656, DPO AE 60605"
446,Brandon,Morales,jessica86@example.com,,,"PSC 7363, Box 4636, APO AP 46771"
447,Stephen,Ramirez,james13@example.com,(783)280-8554,,
448,Susan,Bentley,harmonjeremy@example.org,(407)784-0402x809,"637 Morris Road, Kristineborough, KY 06562","Unit 1382 Box 7074, DPO AA 26242"
449,Edgar,Edwards,oneillkatie@example.org,,"2291 Chambers Courts Apt. 505, Erikaberg, TN 56260","9087 Michael Mills, New Laura, MS 01151"
450,Michele,Green,laurasherman@example.net,818.290.5283,"495 Parker Causeway Suite 770, North Nancyland, WV 62311","2419 Johnson Radial, Toddbury, NH 60152"
451,Elizabeth,Reed,garciadaniel@example.net,001-547-686-4194x021,,"15662 Kayla Extensions, Owensland, MH 96096"
452,Anna,Sawyer,martinezraymond@example.org,883.248.3909,"85011 Wolf Corner, West Randall, HI 25592","12966 Craig Manors Suite 757, Lake Davidborough, VA 59066"
453,Gabriel,May,glowery@example.org,(575)311-4076x24658,"9573 Long Ford Suite 385, South Christopher, SC 56400","265 Robert Trail Suite 780, Port Patrick, NE 24138"
454,Denise,Le,roy59@example.net,,"538 Wagner Keys Apt. 998, South Cynthia, VT 10797","7269 Diaz Drive, South Thomasport, IL 70295"
455,Thomas,Williams,leesteven@example.org,(750)913-0041x607,"38933 Lisa Grove Suite 932, South Jofort, VI 24598","931 Eric Spur, Josephville, CT 71915"
456,Lisa,Sanchez,ymoore@example.org,547-797-7212x724,"39406 Robbins Cove, Martinezchester, PR 85263","380 Blevins Mountains, Williamsborough, VT 21619"
457,Cynthia,Gibson,caitlin41@example.net,,"3877 Anderson Plaza, South Susan, NY 73971","PSC 9572, Box 2741, APO AP 54999"
458,Audrey,Miles,vsullivan@example.org,432-419-4113x88833,"677 Diana Camp, North Benjaminburgh, RI 51042",
459,Brandon,Campos,pfisher@example.org,(980)327-4746,,"40146 Joseph Rue Suite 646, Theresamouth, ND 78685"
460,Theodore,Atkinson,miawang@example.net,776.666.3801x9640,"53439 Thomas Island Suite 733, Alexandermouth, NC 38433","63893 Natalie Green Apt. 685, North Stevenburgh, AK 88245"
461,Rachel,Miller,weissstephanie@example.org,,"3007 Johnson Estate Apt. 075, Garciaberg, LA 21374","538 Christopher Fall Apt. 354, Matthewburgh, IA 64937"
462,Lisa,Rivera,ubryant@example.org,349.315.8089x310,,"759 Lynn Greens, East Andrea, UT 27573"
463,Linda,Nguyen,rachelparsons@example.net,+1-760-556-5030x0524,,"60732 Davis Mountains Apt. 092, Deniseland, NC 39576"
464,David,Miles,ghamilton@example.com,(673)572-0119,,"521 Gillespie Isle, East John, NC 51642"
465,Brian,Arnold,hbryant@example.org,,"1604 Bennett Ways, Watkinsfurt, NC 70160",
466,Bradley,Weiss,joshuaparker@example.org,447-283-0712x6078,"22328 Erika Pass Apt. 609, Deborahview, TX 04197","3853 Tucker Ramp, Kevinchester, CT 56101"
467,Mark,Schwartz,jeremythompson@example.com,+1-454-650-9277x6730,,"4367 Kevin Mills, Lake Williamview, CO 09921"
468,Kenneth,Davis,mnoble@example.net,,"07845 Anthony Lakes Apt. 362, Janetland, AZ 33958",
469,Jeffrey,Gutierrez,villarrealkelly@example.net,,,"2250 Jacqueline Square, Tylermouth, FL 69189"
470,Taylor,Campbell,adrian23@example.com,310.213.3637,,"0859 Mary Dale, Mollybury, UT 01927"
471,Alexander,Jones,bthomas@example.com,,"8617 Kevin Pass Suite 092, Deanchester, MH 34034",
472,Johnny,Guerra,tmcneil@example.net,+1-613-891-4599x3065,,"91281 Lam Plaza Suite 445, North Carriestad, PW 86469"
473,Matthew,Johnson,tjones@example.com,(859)669-3394,,"40825 Fuentes Track Suite 953, Frankburgh, DE 22407"
474,Bruce,Castillo,xturner@example.org,(873)711-1638x86464,"95522 Knapp Center Apt. 759, South Darrellshire, RI 46633",
475,Heather,Boyd,wmoody@example.com,937-591-0159x15552,"881 Cody Fields, East Ruth, WA 22546","556 Alyssa Stravenue, Lake Sharonville, MP 27924"
476,Joe,Pratt,bwinters@example.com,001-975-335-6325,,"783 Holmes Fork Suite 517, Lake Anna, NE 53291"
477,Samantha,Williamson,mcbridejeffrey@example.org,237-651-4019,"111 Christina Parks, Nelsonchester, ID 39310","59102 Rodney Skyway, West Shawnbury, ND 55270"
478,Mary,Anderson,bradleyharris@example.com,(214)459-5048,"836 Cooper Gardens, Mckenzieshire, IA 91845","543 Hicks Parks, Smithshire, MA 45988"
479,Crystal,Ponce,tonydecker@example.com,899.915.3656x155,,
480,Lauren,Sutton,dixonchristian@example.net,+1-263-819-7495,"33887 Melissa Mountain, New Tammybury, MD 76800","8136 Todd Court Apt. 234, South Melissa, WV 87516"
481,Jennifer,Clark,prattnicholas@example.org,,,
482,James,Lambert,caitlingonzalez@example.org,(683)895-8020,"4598 Pollard Meadow, Mariaside, UT 54572",
483,Daniel,Burns,olsonmatthew@example.net,204-951-3716,"4926 Cole Greens Apt. 115, South Felicia, VA 96752","6307 Maurice Points Apt. 829, Nicholsonville, AS 96700"
484,Christine,Obrien,wbrown@example.com,,"2147 Lane Estate, Spencerside, IL 20296",
485,Gregory,Shaw,wolfryan@example.org,001-566-586-7946x063,,"6924 Vega Ridge Suite 480, New Stephenberg, KY 94788"
486,Meredith,Madden,jefferyschultz@example.org,718-886-4263,,"120 Manning Ridges Suite 619, Aaronbury, CO 43136"
487,Madeline,Coleman,jphillips@example.org,,"0318 John Forges, East Ashleyberg, MS 52128","7285 Baker Union Apt. 119, Pettyton, VT 98473"
488,Shannon,Smith,justinrobinson@example.com,+1-693-723-6160x6282,"659 Hood Summit, Ramosborough, TN 62216","705 Richard Fork, Kellyton, IL 05399"
489,Rebekah,Rivera,jennifermacdonald@example.org,001-966-691-8764x510,"1518 Nicole Branch Apt. 828, West Amandaside, KY 43181","505 Ayers Extension, South Lauratown, RI 64248"
490,Alexis,Oconnor,cayala@example.com,(288)602-1933x66898,"603 Lisa Island, Jaredview, FM 48559","0810 Katie Throughway, East Michaelfurt, HI 20316"
491,Brian,Graham,joseph54@example.org,232.294.7406,"50784 Serrano Locks, South Micheleside, MT 15665","2441 Payne Mission Suite 135, New Alexanderburgh, PR 60541"
492,Brandy,Wang,julianabbott@example.net,001-775-409-8968,"658 Stewart Drive Suite 131, Mooremouth, AS 99673",
493,Ryan,Winters,julieruiz@example.com,(848)484-3136,"PSC 7193, Box 1200, APO AE 96617","26962 Katherine Ville Apt. 510, Tiffanytown, MN 22690"
494,Amber,Davis,joseph00@example.org,548-240-3931x48927,,"3319 Crane Manors, Herreraview, AK 91486"
495,Christopher,Price,kellybrad@example.com,(389)313-5615,"003 Jacob Rest, Victoriaberg, DC 30674",
496,Sara,James,jnelson@example.org,5765769513,"29876 Jessica Glen, Jenningsfort, VT 02431","PSC 9874, Box 4968, APO AE 43478"
497,Carlos,Morgan,nlopez@example.com,,"93428 Jerry Ferry Suite 440, South Ginabury, WY 13930",
498,Stephen,Lynn,whitney89@example.com,(378)902-3798x57681,"063 Juan Village Suite 557, Garciaborough, CO 23221","82104 Freeman Greens, New Jessica, MI 23095"
499,James,Summers,sallyrichard@example.net,,,"292 Anderson Roads, Port Anna, OH 58847"
500,Marissa,Kim,nbarrett@example.org,,,"0496 Walker Garden, Judyberg, IA 39214"
