1,221,379,3,Yard raise indicate material room present.,2025-05-04 07:42:23
2,391,473,4,Mention great adult figure result any.,2025-04-28 07:15:54
3,343,281,5,Scientist stand read already past vote.,2025-05-02 15:52:01
4,311,270,3,Now their throw quickly.,2025-04-23 20:20:56
5,248,281,5,,2025-05-06 06:25:32
6,458,151,4,Possible name more go.,2025-05-10 12:31:41
7,428,174,4,Positive seven at.,2025-05-04 11:44:58
8,206,92,4,Human attorney discussion between hope.,2025-05-02 13:51:55
9,22,119,3,Base control manager.,2025-04-30 10:44:16
10,339,191,3,,2025-05-11 00:28:33
11,2,203,4,Land situation pass safe.,2025-05-06 10:06:59
12,159,36,5,Listen history site position member right.,2025-04-24 04:04:28
13,145,282,3,Three ahead reveal early.,2025-04-30 23:20:36
14,10,147,5,,2025-04-18 09:54:38
15,218,479,1,,2025-05-09 12:29:33
16,434,138,3,Huge box science vote hear run approach.,2025-04-20 10:52:48
17,445,395,3,Capital down financial good.,2025-05-02 06:26:39
18,433,287,4,Today may heavy be.,2025-05-06 04:26:00
19,33,95,5,Professor dream speak bill note everything good.,2025-04-20 12:20:28
20,471,371,3,,2025-05-10 18:18:41
21,253,50,3,Recently play firm force small assume quickly.,2025-05-01 17:45:16
22,219,434,2,Cup answer guy end.,2025-04-29 11:59:34
23,260,4,1,Create modern child style professor.,2025-05-06 05:57:09
24,378,370,2,Say baby end buy.,2025-05-12 11:41:35
25,67,421,5,Sense position how explain coach might.,2025-05-15 02:16:26
26,304,333,2,,2025-04-27 09:23:53
27,262,351,3,Gas head song hot action authority maintain.,2025-04-26 09:54:25
28,132,339,3,Hotel suffer play decision southern magazine sit.,2025-04-30 23:27:26
29,48,48,5,Color stop bit manage.,2025-04-27 01:54:12
30,332,86,3,Happen speak offer ahead.,2025-04-17 20:47:55
31,208,83,3,Scene conference ok deal everything everybody turn southern.,2025-04-19 02:37:25
32,361,134,5,,2025-05-15 04:46:26
33,291,210,1,,2025-05-09 04:48:04
34,271,235,4,However television training deal keep step recently between.,2025-04-19 23:07:57
35,361,496,4,Respond child Republican chance them establish.,2025-05-02 11:14:13
36,26,191,2,,2025-05-14 05:42:13
37,73,477,5,Husband memory bill not something series attorney.,2025-05-01 11:47:38
38,310,13,5,Bad join her truth out.,2025-04-21 18:22:12
39,253,155,5,,2025-04-24 19:19:22
40,252,286,4,,2025-05-06 19:10:28
41,86,362,5,,2025-05-02 20:55:57
42,194,301,5,Others decision any design indeed.,2025-04-26 00:21:24
43,420,299,1,Behind believe perhaps professor if.,2025-04-21 03:16:12
44,369,23,4,Eye official leader great although use he.,2025-04-17 05:43:09
45,170,409,4,,2025-04-27 04:57:24
46,234,474,5,,2025-05-01 08:51:25
47,97,449,5,Small forget skin.,2025-04-18 18:32:20
48,256,296,2,Year production market usually attorney pressure truth us.,2025-04-26 11:17:12
49,351,176,3,Me sort each increase hope attorney gun.,2025-04-21 11:52:56
50,402,164,5,She treat base.,2025-05-10 16:49:55
51,435,337,4,Your avoid baby special.,2025-04-17 03:14:55
52,292,330,4,,2025-04-23 11:40:41
53,282,295,3,As term themselves effort foreign particularly rest.,2025-04-30 23:43:48
54,270,461,1,Matter population including where.,2025-05-12 02:15:01
55,64,258,2,Southern up appear story wife million argue.,2025-05-02 02:56:33
56,488,65,2,Run including end and ok medical pay.,2025-04-27 20:32:30
57,156,356,4,Can top to this much community southern.,2025-05-10 23:27:11
58,162,279,3,Threat interesting could add visit factor.,2025-04-26 09:28:52
59,370,345,4,Guess more society pick.,2025-04-21 01:07:39
60,258,403,3,Action opportunity bank guy.,2025-04-23 18:02:34
61,367,156,1,Message floor executive first than argue cause.,2025-05-12 04:07:44
62,210,433,2,Senior simply wonder avoid drive.,2025-04-25 00:04:19
63,346,65,3,Maintain sit truth Democrat environmental rich.,2025-04-27 03:22:37
64,457,496,4,If carry ready free try song myself.,2025-05-11 16:27:48
65,292,122,3,Address member fish collection turn population husband.,2025-05-02 09:31:22
66,46,52,4,Fine senior popular middle single pretty enjoy.,2025-04-19 01:18:40
67,52,323,5,Manage event painting friend.,2025-04-20 12:09:45
68,292,79,1,,2025-05-02 11:49:46
69,402,427,1,Common sometimes authority feel lawyer including man.,2025-04-25 04:38:12
70,109,232,1,Choose focus sign.,2025-04-23 12:49:36
71,356,499,4,,2025-05-09 02:16:19
72,234,266,2,Way value west beyond throughout decision.,2025-04-29 14:45:20
73,448,90,5,,2025-05-01 00:40:52
74,372,19,1,,2025-04-20 08:27:11
75,49,8,4,,2025-04-30 11:59:06
76,190,458,4,,2025-04-16 11:39:29
77,421,80,5,Energy former at space memory.,2025-05-08 00:28:13
78,194,493,3,,2025-04-20 03:53:11
79,281,244,2,,2025-05-12 08:11:26
80,310,316,1,Born middle good magazine forget write group.,2025-04-30 08:25:44
81,333,107,1,Foot no brother within fact join throughout.,2025-04-15 09:39:10
82,270,18,4,,2025-04-23 06:10:09
83,264,472,2,Will people nor marriage.,2025-05-14 07:31:57
84,85,403,2,,2025-05-07 15:01:27
85,95,163,1,Job claim choose along.,2025-04-18 05:14:18
86,283,26,1,Enjoy some under news last type statement.,2025-04-30 06:04:18
87,243,341,4,Head discussion really more up form.,2025-05-12 04:30:14
88,133,256,5,He north house throw.,2025-05-09 04:26:45
89,212,92,1,Window likely record laugh.,2025-04-20 10:11:21
90,41,79,3,Miss action star series yard writer else.,2025-05-04 03:35:35
91,35,234,3,,2025-05-02 21:38:16
92,434,379,2,Relate support agency allow information.,2025-05-01 00:49:34
93,369,436,5,Quickly attorney notice would decide network.,2025-04-23 22:29:27
94,358,154,3,Unit campaign dark program hundred operation.,2025-05-01 21:19:14
95,378,130,2,Home sure someone training democratic among.,2025-05-08 22:07:24
96,475,353,5,,2025-04-15 16:12:08
97,454,32,4,Half subject over local tree.,2025-05-13 16:33:03
98,499,6,4,Painting them by wide.,2025-05-01 15:38:00
99,69,150,1,,2025-05-11 13:54:07
100,321,252,4,,2025-05-13 13:46:38
101,334,88,5,Point husband imagine gun.,2025-05-04 22:14:04
102,241,401,4,Traditional marriage everybody product stuff project rich.,2025-04-15 15:19:44
103,199,363,2,Kind pull much play subject.,2025-05-02 08:19:29
104,275,246,2,Together small kind security bar.,2025-04-28 06:35:01
105,467,280,3,Thing hold call forget decision person send item.,2025-04-25 10:56:19
106,8,362,3,Professional her serious best performance bar.,2025-04-15 15:48:20
107,414,228,5,And suffer large check force account let.,2025-05-02 13:00:26
108,396,369,3,Really poor moment edge who difficult nice choice.,2025-04-30 20:10:14
109,481,346,1,Question very small me.,2025-05-07 18:59:30
110,374,337,2,One fire amount item until.,2025-05-12 07:54:04
111,33,312,3,Create his treatment whatever more.,2025-05-09 23:13:50
112,180,350,1,Return born way political.,2025-05-09 22:16:51
113,232,476,4,,2025-05-04 02:17:40
114,7,46,3,Professional better house many.,2025-05-04 20:12:49
115,187,413,3,Last act cause less who.,2025-05-07 20:39:05
116,148,261,2,,2025-05-03 13:57:43
117,243,54,3,,2025-05-08 18:15:11
118,292,476,1,Upon actually candidate.,2025-05-12 13:53:54
119,12,63,4,Certainly pick total smile artist raise.,2025-05-12 14:25:52
120,409,430,3,Firm great physical soon.,2025-04-15 22:43:16
121,381,162,1,Girl who local interest.,2025-05-02 20:37:41
122,176,144,1,,2025-05-11 23:38:37
123,297,132,3,,2025-05-15 08:19:09
124,400,21,4,Happy Mrs type media.,2025-04-29 00:12:49
125,55,53,3,,2025-05-07 06:47:01
126,210,131,4,,2025-04-28 21:16:17
127,199,419,5,Allow much all structure.,2025-04-24 04:03:25
128,131,360,1,Individual common animal social.,2025-04-24 05:42:57
129,121,38,3,Computer save serve citizen require.,2025-04-17 09:29:13
130,300,385,4,Body magazine weight paper include not.,2025-05-03 06:50:59
131,114,88,3,,2025-04-24 12:10:28
132,314,300,2,Son professional which well everything reach.,2025-05-07 22:06:45
133,111,481,1,Consumer on road off nearly reality concern.,2025-05-13 10:08:33
134,13,217,4,Hair page western along guy sport dog lead.,2025-05-06 10:41:52
135,444,284,5,,2025-04-22 10:11:38
136,52,359,1,,2025-05-06 16:48:21
137,55,120,1,Billion address anything memory yeah end something impact.,2025-05-09 02:12:16
138,416,190,3,Spring already skill decide action raise page trouble.,2025-04-23 18:06:07
139,92,169,3,,2025-05-11 05:08:22
140,178,154,5,,2025-04-24 12:31:58
141,242,327,5,Young local language learn.,2025-05-04 05:57:49
142,214,256,3,Fund group discover risk shake ten water.,2025-04-22 12:08:05
143,288,234,2,Trouble defense major field tree section clear.,2025-04-24 10:44:12
144,88,225,4,Production industry interesting dark follow none necessary.,2025-04-26 21:49:35
145,210,371,4,,2025-04-27 22:33:55
146,403,206,3,,2025-04-19 04:36:46
147,428,336,4,Reduce care we buy for.,2025-04-29 04:26:24
148,59,472,5,,2025-04-22 10:49:07
149,186,203,5,Size speech yes up side.,2025-05-07 18:40:06
150,15,213,1,Site save plan use top.,2025-04-30 11:11:46
151,390,277,1,Great kind by know on memory member.,2025-05-07 13:45:47
152,254,208,4,,2025-04-20 10:48:13
153,303,444,2,Ever senior can TV.,2025-04-16 17:28:25
154,102,355,1,You difficult color even before bit.,2025-04-23 16:56:15
155,487,226,3,,2025-04-27 13:44:56
156,16,497,1,,2025-05-07 05:24:01
157,345,39,3,Responsibility six opportunity.,2025-05-07 06:19:51
158,45,287,2,,2025-05-05 08:15:04
159,300,254,5,,2025-05-13 11:10:38
160,493,344,3,Whose always support not your.,2025-05-04 00:25:31
161,74,171,1,Treat lot media.,2025-05-10 21:52:54
162,343,407,3,Clearly near kitchen make available.,2025-05-10 00:56:55
163,198,98,4,News name consumer per American.,2025-05-03 08:00:16
164,285,275,2,Say lay three name fund exist central.,2025-05-03 01:32:01
165,383,314,5,Entire event mouth.,2025-05-12 14:28:47
166,77,457,2,,2025-04-27 14:33:13
167,483,11,1,Live professor dog agent minute pay see.,2025-04-25 06:34:49
168,164,109,4,Indicate phone but per.,2025-05-05 07:07:52
169,355,430,3,Should ball fill great cell.,2025-04-30 17:53:15
170,316,443,3,Later black study listen major remember will just.,2025-05-04 01:01:54
171,446,363,5,Authority note evening here me option office.,2025-04-18 17:30:41
172,482,155,2,From right range day beyond.,2025-05-01 10:10:28
173,475,65,2,Behind price reflect body establish performance one.,2025-05-03 03:34:24
174,449,142,2,Material get could able.,2025-05-02 18:41:49
175,491,213,5,Dream example play activity.,2025-05-13 20:11:29
176,408,17,3,,2025-04-28 08:45:21
177,382,116,2,Billion financial short side rock.,2025-04-20 03:21:18
178,407,16,1,Member car follow dream.,2025-05-14 09:57:53
179,304,149,3,Activity science tax owner service charge.,2025-05-04 02:57:51
180,50,322,1,,2025-04-16 06:51:08
181,73,115,2,Agreement authority cost fight.,2025-05-13 21:55:22
182,89,484,2,Public traditional pattern fill she.,2025-04-26 12:11:58
183,196,38,3,Campaign eight sure.,2025-05-03 20:49:10
184,185,137,1,Ever else to hair lot big around.,2025-04-15 19:40:48
185,44,46,3,Soon shoulder model indicate water which firm.,2025-04-18 14:58:46
186,438,358,3,Serve effect owner question west home food.,2025-04-24 11:16:15
187,350,239,1,Record always medical good student officer across.,2025-04-24 08:07:31
188,234,139,2,Ever quickly will any.,2025-04-18 16:42:07
189,400,362,1,,2025-04-24 09:35:07
190,483,190,5,,2025-04-26 14:32:23
191,261,321,3,This reason report relate Democrat.,2025-05-14 00:17:50
192,182,58,2,Good key sure land others.,2025-05-09 19:03:15
193,37,443,2,Have total include onto force model.,2025-04-19 01:53:32
194,142,141,3,Lead mean involve gun history sure.,2025-04-18 08:45:19
195,18,54,3,Reason seek book hospital the study move.,2025-04-20 00:08:49
196,270,44,4,,2025-04-26 15:20:52
197,71,293,2,Wide something force economy clear beat offer.,2025-04-24 21:22:45
198,327,276,2,,2025-05-02 13:59:27
199,84,399,5,Live really cover scientist school catch.,2025-05-12 05:05:56
200,58,67,4,Article especially Democrat west view power task.,2025-05-06 12:26:08
201,7,5,5,Nature daughter world to physical television.,2025-05-11 08:23:01
202,379,133,3,Team one though maintain.,2025-05-09 13:02:16
203,213,227,3,Last probably station huge lawyer.,2025-04-30 23:11:11
204,6,300,2,Bag manager heart risk everyone though set.,2025-05-06 21:52:56
205,93,280,2,,2025-05-14 20:49:11
206,384,460,4,South push send one drive.,2025-04-23 17:18:18
207,72,342,4,Degree level evening before.,2025-04-28 03:06:47
208,255,43,5,,2025-04-21 08:34:34
209,475,97,1,,2025-04-28 16:51:47
210,335,204,2,Bill follow drive run hour decide himself party.,2025-05-01 17:03:42
211,85,498,3,Friend morning hospital can father return religious.,2025-05-15 07:49:35
212,413,120,3,,2025-05-12 07:39:48
213,56,22,2,,2025-04-24 04:02:10
214,14,244,5,Baby officer nothing town father return catch TV.,2025-04-19 01:16:25
215,134,156,3,Situation create four sense.,2025-04-30 08:56:30
216,7,127,3,,2025-05-11 04:40:52
217,342,50,2,Certain night discussion feel according adult evening.,2025-04-24 02:16:02
218,246,95,3,Develop beautiful could.,2025-05-01 03:22:09
219,19,21,5,,2025-04-24 13:05:32
220,368,322,1,,2025-05-06 13:16:07
221,464,151,2,Watch for lose work federal arm like involve.,2025-04-24 16:34:12
222,498,216,4,,2025-05-08 01:01:30
223,122,469,4,Job method husband side.,2025-05-05 15:52:56
224,290,93,5,Amount environment popular end letter.,2025-04-28 23:09:12
225,256,421,5,Main church throughout production large at trade.,2025-04-29 23:34:57
226,406,325,5,,2025-04-19 15:15:37
227,1,495,1,One leader newspaper win treat.,2025-04-29 12:09:32
228,297,10,1,,2025-05-13 07:23:06
229,53,388,2,Standard part next trade.,2025-04-25 15:29:46
230,10,474,5,Push particular particular never program century positive.,2025-04-20 06:30:02
231,50,451,2,Nation bed meet join offer within art.,2025-04-28 11:39:52
232,47,184,1,,2025-05-01 10:13:31
233,18,261,3,Hot husband include stop yourself little series.,2025-04-19 06:53:44
234,205,481,1,May wind four forget before number believe real.,2025-05-05 21:01:35
235,328,8,4,,2025-04-27 06:42:31
236,114,297,2,Only out single might east.,2025-04-25 15:24:45
237,344,349,1,Management man information continue available Mrs per.,2025-04-23 00:33:18
238,45,153,3,,2025-05-12 05:01:09
239,85,357,4,Debate report same father pattern.,2025-05-13 18:57:33
240,145,329,1,Clearly floor use agency.,2025-05-08 12:43:01
241,306,104,5,,2025-04-24 10:59:39
242,99,67,4,,2025-05-04 07:31:56
243,496,219,2,Maintain same bed lot.,2025-05-07 09:21:15
244,238,231,1,American together back research feel.,2025-05-10 19:55:32
245,199,471,5,Direction west mind director often.,2025-04-25 01:07:54
246,363,452,4,Next exactly many fall owner boy.,2025-04-18 06:47:09
247,196,290,4,Him have reason politics.,2025-05-08 18:55:32
248,10,328,4,Smile write most past western name begin.,2025-04-15 21:42:10
249,146,369,4,Face begin quality performance term form street.,2025-05-05 06:20:13
250,391,340,4,Break particular war.,2025-05-06 18:09:28
251,220,40,4,,2025-04-18 12:45:36
252,397,263,3,Better continue mother weight.,2025-05-02 20:39:08
253,213,180,2,Could their especially expert out affect.,2025-05-04 02:05:44
254,279,22,4,,2025-05-09 09:54:06
255,102,256,3,Can only both country.,2025-04-21 09:32:42
256,453,78,4,Reason hospital clear throughout themselves.,2025-04-28 09:09:41
257,228,303,5,,2025-05-15 02:34:50
258,407,96,5,Interesting north hope near manage research game.,2025-05-07 17:32:45
259,80,163,5,Beat will hour likely health exist blood.,2025-04-29 07:07:03
260,138,151,2,,2025-04-23 18:50:02
261,64,69,3,,2025-04-29 09:25:39
262,177,420,5,Near need without early effect social keep conference.,2025-05-03 09:45:54
263,428,314,1,Soldier expect true clear his.,2025-05-08 15:34:12
264,465,356,3,,2025-04-16 15:09:33
265,483,457,5,Republican product process particular authority ten.,2025-04-24 12:04:57
266,263,42,4,Television time many.,2025-04-17 19:24:40
267,97,164,4,Care reality worker wait close thing.,2025-05-03 11:34:57
268,146,460,2,,2025-04-15 17:17:05
269,179,115,5,Reveal true never discuss food say.,2025-05-06 09:27:04
270,462,349,2,Serious left social.,2025-04-18 07:35:07
271,99,484,3,,2025-04-30 23:24:27
272,185,452,5,,2025-05-13 00:51:23
273,468,37,1,,2025-04-22 09:10:24
274,338,360,1,Month at many rock official fine trouble.,2025-05-14 09:12:24
275,211,444,5,Significant any argue practice successful artist.,2025-05-08 10:10:48
276,297,147,4,Mrs officer follow hand east trial laugh focus.,2025-04-29 04:34:26
277,94,333,5,Dog provide million film should sense plan cut.,2025-04-28 20:55:26
278,346,162,5,Mean event none relationship.,2025-04-26 04:33:12
279,136,208,2,Per good success woman performance least present.,2025-04-19 16:55:17
280,284,55,3,House door dog series now like skill line.,2025-05-14 07:10:16
281,201,366,2,Heart become probably environmental the.,2025-04-23 21:44:55
282,18,265,5,Himself key risk.,2025-04-27 15:31:02
283,423,118,4,Hour coach break and gun report bring.,2025-05-04 22:04:42
284,182,479,4,Church see of billion interest modern least mind.,2025-04-20 23:41:53
285,477,288,2,Remember idea back country relationship free health.,2025-05-02 08:50:03
286,378,382,2,Line church population consumer trip itself.,2025-05-14 23:01:23
287,341,265,5,Here every get thousand affect own lawyer.,2025-04-19 14:23:35
288,46,81,3,Here hour write down under.,2025-04-27 22:58:54
289,439,165,4,,2025-05-12 07:27:01
290,135,219,4,Production my election forward civil maintain school any.,2025-04-18 16:09:17
291,370,27,5,Decision land nearly.,2025-04-15 15:02:26
292,42,248,3,Agency us ask.,2025-04-21 10:22:36
293,112,415,2,Exist success morning.,2025-05-03 09:04:08
294,281,130,5,Green thing wall open nature.,2025-05-12 20:51:14
295,389,46,1,Role better summer result military.,2025-05-06 05:18:08
296,469,375,3,,2025-05-08 00:59:45
297,477,341,3,Myself next movement because.,2025-05-02 23:10:24
298,348,445,5,Foreign go third between ability add.,2025-04-28 13:00:06
299,298,225,2,Only when traditional director relationship office allow.,2025-05-09 23:21:26
300,258,330,1,Change either mother tell.,2025-05-14 12:37:02
301,324,169,4,Camera hundred history picture more list commercial.,2025-04-16 01:16:08
302,290,66,1,Art seat city perhaps.,2025-04-30 05:10:00
303,276,232,4,Sound safe TV debate claim painting real.,2025-05-14 16:07:50
304,136,276,4,Important himself day them win.,2025-05-04 14:45:29
305,69,292,3,Cause benefit note effect whole personal.,2025-05-10 21:35:14
306,308,199,4,Chance office break where quite.,2025-04-28 16:03:37
307,308,275,5,Foreign environment option history.,2025-04-26 23:53:32
308,128,69,5,Them act shake laugh position note.,2025-04-19 14:26:47
309,456,171,3,Form assume out town note floor him.,2025-04-22 18:03:30
310,481,497,4,Force phone today physical light ready employee.,2025-04-21 20:13:35
311,34,117,4,Successful suffer itself experience.,2025-04-26 13:14:47
312,415,101,2,,2025-05-09 00:32:03
313,69,147,1,Son issue boy join speech power.,2025-04-26 22:04:47
314,489,416,1,,2025-04-16 18:04:31
315,44,317,2,,2025-04-27 21:52:06
316,330,245,4,Theory force cause international.,2025-04-20 20:13:00
317,413,26,4,About ball morning since which fly worry.,2025-05-12 01:42:53
318,49,304,2,,2025-05-06 16:51:24
319,182,81,5,,2025-05-04 04:17:20
320,6,447,5,Thought admit wonder.,2025-04-28 00:55:40
321,240,43,1,Evening place little sign effect each design.,2025-05-09 07:59:51
322,106,124,4,,2025-05-08 20:03:45
323,253,66,5,,2025-05-11 03:31:50
324,390,396,3,Others conference relate also.,2025-05-03 01:11:46
325,220,344,1,Woman care sell dog hour camera.,2025-04-25 16:56:00
326,69,447,1,Minute smile almost her.,2025-04-29 16:18:22
327,357,269,3,,2025-05-10 17:33:58
328,249,340,2,,2025-05-10 16:56:49
329,142,471,1,,2025-04-24 07:43:20
330,60,86,2,Current community different someone trade.,2025-04-25 12:32:09
331,371,135,1,Event run different weight think.,2025-04-15 23:50:45
332,445,153,3,,2025-04-24 14:11:19
333,32,160,4,Tax approach firm particularly thing responsibility brother.,2025-04-25 17:37:58
334,68,448,5,,2025-04-16 22:57:04
335,53,495,2,,2025-05-03 08:47:58
336,2,421,1,Article lay citizen.,2025-04-20 10:44:26
337,346,250,5,Herself economy gun offer.,2025-05-03 12:18:56
338,304,225,1,,2025-05-08 20:10:17
339,184,393,3,,2025-05-14 00:37:15
340,386,161,2,However grow lead check couple.,2025-05-05 04:28:39
341,405,318,4,Set bed recognize happen deal already weight.,2025-05-04 18:33:48
342,327,469,4,Condition record watch seven enjoy visit provide.,2025-04-30 18:07:28
343,309,208,3,Fish television south system most less state.,2025-05-08 23:34:01
344,298,466,3,For thousand race exactly far.,2025-05-14 13:14:57
345,262,92,4,Great behind vote anyone.,2025-05-01 21:45:34
346,208,227,4,Industry position section camera home other moment edge.,2025-04-28 02:19:23
347,325,172,5,,2025-05-08 09:02:40
348,489,54,1,News safe high be indeed learn president result.,2025-04-25 10:40:42
349,334,460,4,Attorney because beat field.,2025-05-02 19:32:38
350,49,51,4,Father price president board.,2025-04-26 16:14:13
351,31,121,4,International recently senior must.,2025-05-10 23:02:30
352,234,34,3,Drive once each worry inside environment account.,2025-05-10 13:07:06
353,27,80,3,Century on crime garden list.,2025-05-13 02:25:51
354,36,475,5,Read message understand church.,2025-05-13 03:00:37
355,135,197,2,,2025-04-17 13:55:31
356,52,488,4,Appear range various particularly move baby.,2025-04-25 15:27:36
357,399,171,5,Inside market present short case source.,2025-05-04 03:06:41
358,410,73,2,Another leave behind example join.,2025-05-03 21:39:13
359,364,106,4,Adult leader challenge letter right local direction.,2025-04-17 12:36:46
360,493,472,3,Bring eight option newspaper treatment.,2025-04-29 11:53:55
361,412,13,1,Husband probably standard organization through art.,2025-05-03 09:06:08
362,114,161,5,,2025-05-09 10:31:22
363,88,313,1,,2025-04-19 22:31:41
364,69,66,5,Trade ability company like cut.,2025-04-19 22:26:36
365,27,105,2,Fire follow field be radio.,2025-05-01 22:15:56
366,63,426,1,Debate long term various.,2025-05-10 02:57:39
367,380,40,4,Break political money among.,2025-05-10 22:17:46
368,481,116,3,,2025-05-04 22:03:17
369,15,452,1,Against hour she enough.,2025-05-14 08:38:12
370,115,370,5,Avoid right four president country.,2025-05-07 21:37:06
371,87,283,1,Picture morning between body white approach.,2025-04-29 07:30:28
372,89,417,5,High short whose population note check.,2025-05-01 23:46:15
373,30,293,3,Look require court learn performance ok.,2025-04-26 21:18:47
374,375,439,2,Evidence draw someone.,2025-05-06 05:34:40
375,395,56,2,Mrs quality one court.,2025-05-03 14:33:07
376,262,82,2,Air region physical rise finally.,2025-05-12 15:48:42
377,315,245,1,Common enough table radio.,2025-04-23 03:59:10
378,69,419,4,Listen skin TV gas anything.,2025-04-15 13:34:10
379,455,472,2,Care camera talk try those you admit blood.,2025-05-11 13:56:40
380,349,288,3,Forward feel care.,2025-05-13 12:12:24
381,411,153,5,,2025-04-27 17:34:35
382,349,404,2,Candidate last reveal.,2025-05-04 12:45:15
383,224,40,1,,2025-04-19 20:06:35
384,347,302,1,Audience finish garden short lawyer between inside.,2025-04-20 16:53:32
385,377,269,4,,2025-04-28 03:42:29
386,185,215,4,Young bring girl huge yourself partner.,2025-04-29 02:23:45
387,209,488,1,Analysis staff central education ball.,2025-04-28 03:44:16
388,264,51,1,Plant just wall management owner trade benefit.,2025-04-15 21:23:08
389,88,186,3,,2025-04-30 19:08:42
390,53,124,2,We threat data voice cultural.,2025-05-13 06:13:00
391,484,413,5,Compare his teacher.,2025-05-02 21:59:53
392,364,42,2,Respond rest speak could professor.,2025-04-18 07:35:53
393,186,75,3,High as respond society.,2025-04-18 09:13:24
394,104,62,1,Development process spring positive short need whole.,2025-04-24 07:45:35
395,384,156,5,Among will control responsibility while.,2025-04-20 17:15:04
396,379,301,1,Three herself hospital.,2025-04-27 01:43:39
397,286,345,2,,2025-05-07 08:10:36
398,188,369,5,Already we low within no modern.,2025-04-18 19:42:38
399,456,289,2,,2025-05-02 20:35:55
400,5,386,4,Heavy program medical fear check subject.,2025-05-07 10:02:30
401,189,360,4,Physical deal religious over behind difficult act.,2025-04-28 07:22:27
402,492,301,3,Agreement hair perhaps option hand within.,2025-05-07 19:57:52
403,306,299,3,,2025-04-23 07:40:32
404,186,24,4,,2025-04-15 20:24:31
405,335,17,4,Most song morning page too cause voice.,2025-04-20 01:44:50
406,49,1,2,Garden keep hour front movement performance article economy.,2025-05-14 02:07:33
407,415,425,1,Study suddenly technology resource what.,2025-04-18 20:16:13
408,152,280,4,,2025-04-22 09:36:04
409,276,303,3,Pass when often wait group tough we.,2025-04-22 18:34:40
410,70,496,4,Western local actually treatment population.,2025-04-17 23:50:02
411,33,380,5,,2025-05-10 07:22:30
412,198,167,4,Off leader change above price food billion.,2025-05-14 21:07:34
413,180,353,1,Available glass capital national.,2025-05-12 02:02:17
414,113,200,3,,2025-05-05 20:23:58
415,352,386,4,Catch world red space window result environment.,2025-05-11 08:04:12
416,82,107,4,,2025-04-28 02:09:29
417,188,75,2,They ask name design effect difference.,2025-05-02 16:07:16
418,99,290,1,They indeed without charge.,2025-04-28 04:38:55
419,428,259,1,Body significant opportunity cost day.,2025-04-20 00:43:19
420,319,232,2,Civil whatever exactly may once special.,2025-05-12 13:20:18
421,154,12,5,,2025-05-08 20:14:55
422,6,304,5,School body product area left yard.,2025-04-21 18:26:47
423,189,117,5,Want suddenly everything.,2025-05-09 23:00:35
424,460,437,4,Strong event study team mouth western meeting.,2025-04-24 07:12:35
425,251,281,3,,2025-04-15 10:28:14
426,24,490,4,Price during list nature safe under.,2025-05-10 14:04:04
427,251,493,2,Morning difference coach forward cultural.,2025-05-14 05:04:09
428,456,190,4,,2025-05-12 12:56:25
429,487,79,3,Take certainly role remember center media.,2025-04-30 02:25:59
430,262,122,4,Technology political over million unit upon toward between.,2025-05-10 00:54:39
431,366,376,5,,2025-04-20 19:24:16
432,44,319,3,Ever garden nor enough yeah.,2025-04-28 16:23:09
433,60,28,5,Reflect six natural indeed away job grow.,2025-05-03 09:06:02
434,258,421,2,Bed country couple just drop real professor.,2025-05-13 15:39:12
435,369,74,1,Level work impact we develop week Mrs.,2025-04-27 12:08:27
436,32,388,3,Deal war great country decade stock traditional.,2025-05-03 20:42:51
437,60,293,4,Type store whatever vote their something whose.,2025-04-24 01:03:37
438,366,224,3,Natural raise region pattern.,2025-04-30 12:24:40
439,82,264,1,,2025-04-19 20:44:34
440,404,141,3,Four agent age somebody.,2025-05-04 06:22:09
441,51,338,4,Poor tend article.,2025-04-19 06:32:00
442,195,316,2,,2025-04-17 15:29:02
443,134,105,3,Question purpose point news she.,2025-05-05 01:10:24
444,349,224,4,Thus force western along admit its.,2025-04-28 12:09:28
445,138,371,5,,2025-05-02 08:26:40
446,409,177,1,Second someone see yard imagine wait avoid huge.,2025-04-22 16:43:08
447,387,465,5,Establish husband push imagine tree.,2025-05-09 03:54:56
448,27,457,4,Money forget attention shoulder improve sing fear.,2025-04-19 08:24:35
449,38,233,4,Week check guy act provide.,2025-04-29 02:15:19
450,80,462,3,Sure management live guess most theory.,2025-04-17 10:45:54
451,46,402,1,Up safe father scene.,2025-05-06 05:45:15
452,79,498,3,,2025-04-23 17:18:46
453,53,340,2,Before less cold response material early simply art.,2025-04-16 04:33:49
454,408,470,5,Peace hold goal home too up become.,2025-04-25 22:08:23
455,37,31,1,Arm adult perhaps.,2025-04-17 09:11:53
456,340,99,1,Arrive season no investment above.,2025-04-24 21:46:01
457,328,121,2,,2025-04-26 16:16:28
458,123,421,5,Seek threat among bad.,2025-04-16 10:26:56
459,105,422,3,Assume read can pressure break suggest.,2025-04-23 11:16:06
460,352,12,1,Close address fight few man career son situation.,2025-04-23 11:58:52
461,308,254,4,Information morning buy federal foot conference point others.,2025-05-06 20:05:51
462,177,416,1,,2025-04-30 16:11:11
463,364,445,5,To record expect American science national start.,2025-04-16 05:52:32
464,62,330,1,Officer point law.,2025-05-10 18:55:42
465,40,274,3,,2025-04-26 20:05:11
466,408,323,1,Great throw color leader.,2025-05-04 23:19:52
467,335,459,3,Show well school step sing reveal bed.,2025-04-19 02:39:29
468,116,481,5,,2025-04-26 11:39:05
469,498,491,3,Could prepare think recognize.,2025-05-10 12:41:40
470,4,383,2,Serve experience new development occur morning price.,2025-04-16 02:14:25
471,496,1,3,Goal team main skin sit remember.,2025-04-25 04:39:05
472,270,112,1,,2025-04-19 04:15:15
473,125,34,1,Little year change item set run.,2025-04-21 10:04:48
474,232,80,4,Green over push worry system way yet.,2025-05-12 20:44:58
475,427,452,4,Chair that chair few culture know rock.,2025-04-19 17:08:03
476,282,54,5,Field store activity fire south bed.,2025-05-11 07:48:07
477,389,149,1,,2025-05-06 09:33:03
478,404,331,3,Fast allow kitchen civil without thought.,2025-04-28 06:46:42
479,38,85,2,,2025-04-20 13:37:24
480,211,378,4,People result coach drug single see.,2025-05-04 02:30:07
481,170,351,5,Produce notice measure me.,2025-05-14 14:15:45
482,190,411,1,Deal player off science.,2025-05-02 07:47:28
483,328,447,5,,2025-04-20 17:26:27
484,232,287,1,Site voice agency.,2025-04-16 17:35:47
485,237,9,3,Fear case itself always.,2025-04-19 06:17:37
486,303,487,5,,2025-04-17 18:49:00
487,420,469,2,Head detail material hospital.,2025-05-03 10:31:24
488,438,221,3,,2025-04-29 15:13:27
489,82,446,4,National school deal explain rich fear back.,2025-05-14 05:14:36
490,27,277,5,A weight pull baby offer according rise.,2025-05-10 14:31:36
491,58,172,3,Education time present age really another.,2025-05-10 17:52:31
492,443,330,3,Knowledge among box prepare quite.,2025-05-08 11:04:20
493,483,364,1,List class star but quality.,2025-05-02 03:38:01
494,218,378,1,Add after authority take would religious.,2025-04-17 15:11:36
495,13,41,5,,2025-04-27 08:40:59
496,318,181,1,Military wife expect it hundred.,2025-04-22 20:47:28
497,117,415,3,Collection him despite customer.,2025-05-01 23:21:15
498,406,26,3,,2025-05-01 15:24:51
499,392,343,4,Chance agree campaign somebody.,2025-05-05 22:37:12
500,203,485,5,Moment scientist lot area.,2025-04-15 10:18:49
501,457,290,3,Morning practice yourself factor.,2025-05-10 17:13:02
502,51,488,1,Onto focus western senior suddenly identify sit.,2025-05-08 15:20:39
503,142,278,4,Including develop during.,2025-04-21 22:58:22
504,388,312,3,Face but evidence.,2025-05-06 19:11:50
505,379,257,3,Fact toward cell thus trouble where born.,2025-04-30 10:54:05
506,170,323,4,,2025-04-25 10:07:01
507,218,183,1,Color road hit down.,2025-04-19 17:23:35
508,182,205,5,Edge include rule including page indeed statement.,2025-04-21 22:02:01
509,355,420,4,,2025-05-05 10:53:37
510,170,469,3,,2025-05-13 02:49:02
511,181,99,5,Sell individual stand section strong enjoy.,2025-05-13 05:12:17
512,475,433,3,,2025-05-10 10:10:55
513,376,317,5,Miss remain usually yard citizen.,2025-04-18 15:25:34
514,448,253,2,Magazine again citizen.,2025-04-20 04:53:54
515,399,19,3,,2025-05-06 02:36:11
516,291,435,1,,2025-05-10 04:06:54
517,428,328,1,Year American step.,2025-05-08 23:43:06
518,96,40,4,Lead nothing only.,2025-04-15 16:57:43
519,413,441,2,,2025-04-17 08:00:50
520,95,201,1,Beautiful act require likely.,2025-04-25 14:47:12
521,255,154,1,Night adult something carry half various heart agency.,2025-04-24 01:40:05
522,488,477,2,Box large kind participant provide size.,2025-04-20 18:48:59
523,370,41,5,Onto light paper research reason believe.,2025-05-02 08:37:34
524,86,227,2,Theory not rest administration.,2025-05-09 17:34:55
525,301,303,2,Price trouble set.,2025-04-21 23:02:42
526,423,403,3,,2025-04-16 03:50:00
527,398,153,1,Sort live individual factor democratic defense.,2025-05-15 09:21:50
528,69,312,2,Talk yeah increase general affect anyone.,2025-05-10 15:54:38
529,303,125,3,West pay represent nothing sit career.,2025-04-25 10:01:54
530,267,17,4,Occur table doctor no far stuff.,2025-04-17 06:40:21
531,83,130,5,Art yourself government civil.,2025-04-30 17:54:34
532,373,477,1,Expect door recent positive change.,2025-05-07 18:40:10
533,104,4,1,Grow call morning scene eat medical begin.,2025-05-10 01:55:43
534,37,128,1,Instead boy art little necessary.,2025-05-01 09:39:08
535,214,438,5,,2025-05-07 01:32:30
536,222,221,5,Perform movie politics do.,2025-04-21 03:52:15
537,497,413,4,Five sit usually be.,2025-05-11 20:11:51
538,187,304,4,Decision mention forward thank add executive.,2025-04-15 15:10:02
539,38,38,1,,2025-04-16 20:18:12
540,32,2,5,Several material loss still for.,2025-05-07 03:59:35
541,272,178,1,Room radio why food street head.,2025-04-26 12:47:27
542,452,65,5,Pick career common yard.,2025-04-27 23:34:18
543,334,422,5,Country rich watch husband effort.,2025-05-06 13:02:03
544,349,401,1,Dream attorney make listen material several team.,2025-04-27 21:07:31
545,40,378,2,Brother somebody third daughter affect.,2025-05-04 11:51:41
546,118,229,1,Individual cold provide.,2025-05-07 08:18:16
547,206,371,4,Record professor subject meet girl.,2025-04-23 23:26:16
548,95,204,4,,2025-05-06 08:50:27
549,268,60,1,Father fall add head rest soon activity.,2025-05-04 14:41:39
550,175,5,4,Determine miss cup work resource down whom.,2025-05-03 17:28:07
551,26,300,2,Lead lay suffer prepare life generation accept.,2025-05-09 03:32:09
552,157,257,1,Seven hear assume this.,2025-05-11 04:30:54
553,483,147,1,Put when life religious then course almost consumer.,2025-04-17 11:40:25
554,324,69,4,Word direction dog government.,2025-05-10 12:44:36
555,329,294,4,Most letter economic safe series their window best.,2025-04-26 02:58:01
556,403,31,4,,2025-04-17 15:38:17
557,11,224,2,Father east debate drug behind save.,2025-05-12 02:03:56
558,194,150,3,Tend term program discuss style man mission.,2025-04-25 14:55:25
559,30,222,4,,2025-05-02 03:32:20
560,330,275,3,,2025-04-20 00:42:54
561,128,262,5,Firm scientist record pay event deal mean wrong.,2025-04-25 15:25:12
562,46,141,1,Message either military movement campaign around cup indeed.,2025-05-05 22:39:01
563,454,456,1,Story stage office the Democrat especially fish to.,2025-05-07 02:08:24
564,48,390,3,,2025-04-27 06:21:10
565,283,99,1,Enter six soon floor it.,2025-04-24 10:03:53
566,258,164,4,,2025-04-16 21:50:37
567,193,22,5,Question TV can bill difference.,2025-05-13 15:03:44
568,360,133,3,,2025-05-12 02:04:41
569,336,298,2,Just early cover again.,2025-04-18 03:33:26
570,115,336,4,,2025-05-06 06:52:38
571,168,448,3,,2025-04-30 15:38:22
572,154,122,2,,2025-05-11 21:39:12
573,490,475,5,Mission success country later.,2025-04-26 10:22:41
574,350,301,5,Difference soldier during long camera continue.,2025-05-07 15:35:41
575,336,240,5,Car agreement energy food.,2025-04-28 10:44:41
576,44,4,3,,2025-05-06 17:04:20
577,489,65,1,Building mean knowledge reflect believe dinner.,2025-05-10 07:16:04
578,467,458,1,Fine pass throw work heavy.,2025-05-06 02:06:54
579,336,460,2,Child contain lay century.,2025-05-07 00:18:42
580,413,391,1,System course radio serve quite eat.,2025-04-30 06:47:07
581,46,227,1,Better if yet popular matter while real.,2025-04-24 02:26:21
582,176,118,1,Fall west cold probably than.,2025-04-17 10:54:33
583,19,108,1,Apply well hotel necessary teacher number.,2025-04-16 15:04:12
584,231,280,4,Part important sense example four admit night college.,2025-04-27 02:53:05
585,87,69,3,Eight painting him some.,2025-04-17 11:07:19
586,399,477,2,Knowledge expert short build quite president.,2025-04-26 09:29:10
587,215,417,5,Whose open son life opportunity shoulder range.,2025-05-15 06:07:12
588,386,179,1,,2025-05-05 06:03:07
589,86,286,4,East buy development choice safe something real owner.,2025-04-22 05:45:30
590,289,269,3,Sometimes sometimes whether moment car.,2025-04-28 20:01:40
591,223,446,1,,2025-04-18 01:48:54
592,160,295,3,,2025-04-22 15:40:22
593,97,289,4,News image shake particular leave memory.,2025-04-27 11:58:12
594,324,124,5,,2025-04-21 01:37:32
595,275,400,5,Improve cold most around sell sister.,2025-04-16 10:31:11
596,469,59,1,Everyone site account pressure understand body.,2025-05-15 05:52:04
697,193,256,2,,2025-05-07 08:02:11
597,479,54,2,Agency rather whether company clearly picture plant.,2025-04-16 16:48:39
598,193,288,1,Statement minute far.,2025-04-22 12:10:02
599,347,204,2,,2025-04-17 14:19:25
600,56,287,2,,2025-05-14 21:06:13
601,203,45,4,Wind until through government land easy care party.,2025-05-12 20:50:39
602,262,473,4,Nothing imagine instead.,2025-05-04 10:46:16
603,34,450,5,Instead class Democrat build.,2025-05-12 01:08:36
604,452,284,3,Add too finally shoulder on sure later scene.,2025-05-13 16:04:39
605,463,271,2,Eight collection on.,2025-04-22 21:33:28
606,457,246,3,Expect cold five direction.,2025-05-06 02:53:24
607,178,140,4,Say article hospital very.,2025-04-21 13:38:22
608,252,227,3,Structure while fine without.,2025-04-24 15:54:54
609,365,326,5,Tree recent current catch.,2025-05-03 22:43:13
610,30,132,5,Seem important up agree.,2025-04-27 05:38:52
611,119,386,1,Green important every question late play however.,2025-04-28 23:04:44
612,488,182,1,Key shake option claim.,2025-04-26 11:22:12
613,72,468,3,,2025-04-21 17:29:54
614,88,276,4,Form dog remain grow military.,2025-05-12 05:21:24
615,437,48,1,,2025-05-03 00:43:31
616,392,228,5,For parent send term.,2025-05-13 07:28:24
617,313,351,4,,2025-05-06 08:05:08
618,99,134,1,Mr begin once paper change west.,2025-04-15 19:09:45
619,106,156,4,Tree eye worker kid.,2025-04-19 12:23:43
620,8,156,1,,2025-05-14 10:42:57
621,101,460,4,,2025-05-14 15:08:06
622,276,74,4,,2025-04-24 11:09:28
623,42,190,5,Not financial age my first.,2025-04-25 11:22:00
624,423,144,3,Environmental as pressure.,2025-05-06 18:21:58
625,178,394,2,,2025-05-03 11:29:47
626,178,33,4,Media who safe edge health.,2025-04-22 02:16:58
627,270,448,5,Power expert improve drug unit ground might.,2025-04-25 18:36:10
628,452,427,3,Happy south then culture.,2025-04-17 07:42:00
629,11,440,3,Thus base industry here management though.,2025-04-30 10:26:34
630,394,151,4,Address leave experience fine.,2025-04-29 15:53:49
631,186,265,4,Your wall hair check.,2025-04-22 22:00:26
632,411,496,5,In notice agree another left.,2025-04-16 21:13:35
633,22,371,4,Face structure worry.,2025-04-29 14:52:22
634,453,427,5,Race factor teacher drop maintain evening fact.,2025-04-19 09:44:54
635,1,240,3,Customer among meeting more yourself.,2025-05-02 05:50:21
636,378,168,1,Some policy girl discussion.,2025-05-08 21:02:31
637,196,248,3,,2025-04-21 16:34:00
638,456,13,4,,2025-05-10 12:52:06
639,215,437,5,Price wall trouble mission agree.,2025-04-19 04:41:52
640,325,313,4,Significant TV student service class foot pressure.,2025-04-19 11:19:58
641,329,188,5,,2025-04-16 17:20:38
642,362,496,4,Explain student collection fall.,2025-04-18 19:17:37
643,32,14,2,Himself wonder let put.,2025-04-21 08:19:20
644,56,489,5,Data more collection off decision sense.,2025-05-03 19:25:00
645,262,205,3,Himself lay free conference wife.,2025-05-14 07:20:31
646,250,392,5,Size develop piece toward age after significant.,2025-04-16 09:32:56
647,417,302,1,Heart able sign civil new however six.,2025-05-10 11:20:15
648,27,371,3,Debate character new describe ahead.,2025-04-15 17:03:32
649,492,326,4,,2025-04-27 17:29:02
650,337,331,3,Reduce card result same entire manage per.,2025-04-25 13:11:19
651,320,494,3,Full property history have thank east particular.,2025-05-14 07:53:05
652,282,317,2,,2025-04-21 23:13:44
653,170,109,1,Its assume office finish knowledge.,2025-04-23 12:04:04
654,361,245,5,Modern happen price treatment.,2025-05-10 00:35:59
655,113,142,5,,2025-05-14 08:17:17
656,129,458,2,Have focus financial discuss citizen action.,2025-05-09 19:04:28
657,279,220,4,Main third price rate.,2025-05-02 13:51:52
658,391,212,5,Each church blue newspaper effort authority.,2025-04-18 03:47:01
659,96,344,3,What go peace on.,2025-04-27 21:18:26
660,426,153,1,,2025-04-17 02:07:45
661,495,98,1,Maintain watch none daughter address edge.,2025-05-13 10:06:40
662,168,355,5,Her choice whose against race.,2025-04-22 09:05:28
663,397,468,1,Value various spend less town.,2025-05-14 14:15:13
664,326,407,1,Evening alone purpose in training involve.,2025-05-11 02:30:50
665,251,236,4,Job process table often particular.,2025-05-04 10:22:55
666,414,433,2,,2025-04-23 23:36:07
667,153,120,4,Fly term also eight.,2025-04-26 08:54:09
668,10,311,5,,2025-04-21 02:34:08
669,357,342,1,,2025-04-22 11:28:53
670,44,321,5,Tv debate too probably.,2025-04-25 02:45:25
671,379,7,2,Information relationship which plan father meet treat.,2025-04-23 03:16:44
672,496,321,3,Sister force value purpose police bag line country.,2025-04-19 05:48:09
673,87,179,5,,2025-05-05 12:46:08
674,148,9,1,Evening audience ask pressure.,2025-05-08 08:11:46
675,361,263,2,Same fast government religious success.,2025-05-09 09:48:05
676,421,365,3,Yes before crime agreement machine long.,2025-04-29 11:41:51
677,372,238,1,Technology head employee very chair difficult.,2025-04-21 13:06:31
678,205,191,5,,2025-04-18 19:37:47
679,348,213,5,Eat popular nation girl make.,2025-04-19 10:49:02
680,266,238,2,,2025-05-06 07:03:30
681,372,45,2,Especially success issue fight consider listen.,2025-05-01 07:47:30
682,56,454,3,Answer later course receive.,2025-05-04 11:31:34
683,398,201,1,Discuss measure have discussion sign.,2025-04-28 00:19:44
684,441,331,1,Point mouth arrive appear give glass two.,2025-04-19 09:39:09
685,338,153,4,Rich during practice radio chair nice early.,2025-04-18 21:51:33
686,114,40,2,Nation improve fish professional although.,2025-04-20 20:23:00
687,266,478,1,Far item performance no now.,2025-04-19 15:24:41
688,95,33,2,Key certain recent talk start at land.,2025-05-08 16:25:41
689,69,316,5,Hour true car hair store until address.,2025-04-26 04:24:37
690,125,392,3,,2025-04-30 03:25:37
691,355,307,5,Soldier woman once tell give offer.,2025-05-10 00:31:04
692,381,11,5,Station her no lawyer religious practice off.,2025-04-26 07:25:56
693,338,438,4,Boy number skin learn great fine others.,2025-05-05 00:54:18
694,67,336,3,Glass let memory hard.,2025-05-09 10:22:42
695,153,44,3,Address protect necessary lot various.,2025-05-12 15:45:30
696,399,333,1,,2025-04-28 08:48:53
698,338,359,2,Public work national any debate under ahead.,2025-05-08 10:02:06
699,64,408,3,,2025-05-06 04:19:22
700,137,345,4,Building however official see right nice walk.,2025-05-09 11:15:05
701,225,451,2,Ok everybody report late like fast husband mean.,2025-04-15 12:46:17
702,4,424,1,Sound poor soldier time forget already.,2025-04-26 21:49:39
703,123,353,3,,2025-05-08 18:45:27
704,467,356,3,Leader expert second clear mother condition generation.,2025-05-11 22:07:02
705,243,36,2,,2025-04-16 12:57:17
706,117,71,2,Sing somebody indicate.,2025-05-02 20:48:51
707,335,422,3,Drop force certainly exist.,2025-04-26 02:54:27
708,481,221,3,At similar food least phone.,2025-05-13 21:11:21
709,151,186,3,Difference majority loss.,2025-05-10 19:11:15
710,133,83,5,Want security last fact street.,2025-05-06 20:39:01
711,75,215,1,,2025-05-09 06:03:24
712,254,361,3,Religious lot national role friend.,2025-05-04 14:19:17
713,79,425,4,After heart approach cause area become.,2025-04-22 04:33:50
714,256,492,2,Ahead daughter important whom full.,2025-04-30 14:36:35
715,326,475,2,Stand free thought building own.,2025-04-25 19:46:17
716,371,459,2,,2025-05-15 05:57:29
717,352,289,1,Save person yeah marriage mouth term family.,2025-04-29 23:21:24
718,216,369,5,Military must provide success carry ready.,2025-04-20 00:59:37
719,191,415,4,Send sound anyone talk financial tend herself.,2025-04-16 09:19:03
720,80,260,5,Leader that place movement reason.,2025-04-23 14:32:51
721,84,59,5,Party improve as put or happen during.,2025-04-25 11:24:48
722,127,296,1,Interview yes finish expert care better they.,2025-05-06 06:39:28
723,22,286,1,,2025-04-28 00:46:22
724,203,377,4,Miss serious line their short work development.,2025-05-08 12:00:52
725,99,166,2,Apply feel medical least rule.,2025-04-24 07:03:06
726,75,209,1,,2025-04-18 04:10:11
727,15,195,3,Character beautiful fall realize enough growth.,2025-05-03 09:40:18
728,345,153,3,,2025-04-28 14:32:31
729,138,152,3,Nation back their once.,2025-04-24 00:52:44
730,16,449,2,,2025-04-21 08:01:30
731,486,118,4,Use talk if power.,2025-05-11 18:29:49
732,399,499,1,Sometimes dog goal under play hundred.,2025-05-13 10:40:12
733,36,337,4,Without speak picture fly would traditional official responsibility.,2025-04-21 12:08:29
734,40,499,3,Others protect learn list people.,2025-05-12 04:48:30
735,135,476,1,Walk begin long.,2025-04-23 07:46:15
736,187,104,1,Rock environmental three.,2025-05-11 21:26:45
737,220,17,5,,2025-04-18 06:04:58
738,304,478,4,Only prove second middle character high nor.,2025-05-10 13:18:42
739,4,387,5,Information design grow sometimes week.,2025-04-22 19:06:28
740,198,228,2,Past keep draw any only dog.,2025-04-20 23:46:28
741,239,469,1,Want option yes stop.,2025-04-28 19:14:27
742,485,194,3,Material think design success sort save management.,2025-04-17 05:50:48
743,51,133,3,Theory subject dinner respond.,2025-05-03 16:38:00
744,424,484,5,Mr what husband commercial carry bring.,2025-05-13 17:17:24
745,354,274,3,Sing official treatment dinner firm.,2025-04-27 20:24:23
746,430,443,2,Only stop by several environment within mind set.,2025-05-06 15:57:33
747,263,60,2,Indeed scene charge soldier.,2025-04-16 06:05:07
748,152,232,2,,2025-04-18 05:36:41
749,381,37,3,Line own forward idea contain require.,2025-05-04 08:21:37
750,153,357,2,Study get foot land.,2025-05-07 16:56:11
751,382,17,1,,2025-04-30 04:58:25
752,384,484,1,Almost tell bed lead several.,2025-05-04 00:51:16
753,136,88,3,Themselves weight score expert first threat live.,2025-05-04 22:30:44
754,379,395,3,Pay within indicate get.,2025-04-17 08:07:52
755,68,496,3,,2025-04-23 14:11:48
756,456,56,5,Century side serve student.,2025-05-04 11:15:40
757,74,127,5,Model place any week enjoy value level.,2025-05-05 14:59:53
758,466,190,2,Game how new long sense perhaps create.,2025-04-24 17:19:01
759,242,226,4,Letter action themselves among us.,2025-04-22 20:44:52
760,136,304,1,Me thus sell give I must pretty.,2025-05-01 11:56:35
761,414,112,3,Maybe through involve.,2025-05-01 23:09:25
762,183,248,5,Society today skill set baby why.,2025-05-09 07:00:39
763,34,403,5,Traditional social beat then language front tough.,2025-04-22 10:52:48
764,443,169,5,Son decide attorney natural quite across.,2025-04-25 07:35:30
765,273,232,5,Head trouble without travel.,2025-04-27 08:04:57
766,93,141,5,Similar look beautiful sure fight edge cell true.,2025-04-19 09:54:36
767,252,343,1,Parent this soldier reflect move education.,2025-04-27 04:15:57
768,408,375,1,Everything physical political dinner receive.,2025-04-21 12:17:29
769,160,263,2,,2025-05-15 00:36:35
770,397,467,2,Religious quite number yeah instead.,2025-05-02 04:03:35
771,286,476,2,Family wide heart especially.,2025-04-24 17:28:07
772,400,150,3,Mean step seven indeed result sometimes election.,2025-04-27 16:11:49
773,147,276,4,Avoid kind Democrat rather.,2025-04-18 20:00:34
774,187,204,5,,2025-04-19 04:56:30
775,37,17,3,Stand lawyer nothing down.,2025-04-28 10:10:29
776,26,215,2,Beyond future likely lead.,2025-04-20 18:48:34
777,164,225,3,Hospital important skin task office hair send.,2025-05-01 19:56:18
778,418,146,4,Return word image series occur.,2025-04-22 09:49:50
779,43,23,1,Assume back work fast task fine.,2025-05-07 00:48:30
780,152,477,4,,2025-04-20 04:03:54
781,219,252,2,Debate card growth degree whatever ahead there.,2025-05-04 19:58:41
782,354,410,1,Answer field across training red argue lose over.,2025-05-03 19:12:18
783,236,24,1,,2025-05-13 16:56:04
784,338,467,4,Close themselves beat former note rich I.,2025-04-22 16:30:07
785,381,42,4,Agreement change science thought high light coach recognize.,2025-04-21 15:25:23
786,51,189,3,Game idea change girl decade whole.,2025-04-26 23:13:56
787,176,237,3,Require out perform especially more.,2025-04-25 07:44:43
788,261,17,5,Tend do region.,2025-05-08 09:57:38
789,280,435,3,Check minute bank.,2025-05-12 11:48:31
790,374,296,5,Class camera door see take from.,2025-04-24 00:30:57
791,489,145,2,,2025-05-13 04:00:57
792,499,405,2,Buy tell to candidate miss especially one.,2025-05-12 18:59:59
793,143,64,3,Option water certain.,2025-04-22 09:39:43
794,34,467,1,Cause important trip decide.,2025-04-27 11:39:11
795,438,53,4,Family seat hair without.,2025-04-22 14:18:35
796,111,44,4,,2025-04-26 22:54:27
797,416,295,5,Radio our determine put.,2025-04-25 06:02:51
798,158,190,3,,2025-05-15 04:30:46
799,283,252,5,Reflect budget product order political whole.,2025-04-25 23:28:16
800,141,431,1,Professor speak soldier.,2025-05-14 00:29:50
